O;O
B;B
O;O
O;O
O;O
O;O
O;O
O;O
O;O
O;O
O;O
O;O
O;O
O;O
O;O
O;O
O;O
BI;BO
O;O
O;O
O;O
B;B
O;O
O;O
O;O
O;O
O;O
O;O
O;O
O;O
O;O
O;O
O;O
O;O
O;O
B;B
O;O
O;O
O;O
O;O
O;O
O;O
B;B
O;O
O;O
O;O
O;O
O;O
O;O
O;O
O;O
O;O
O;O
B;B
O;O
O;O
O;O
O;O
O;O
O;O
O;O
B;O
O;O
O;O
O;O
O;O
O;O
O;O
O;O
O;O
O;O
O;O
O;O
BI;BI
O;O
BII;BII
O;O
BI;BI
O;O
O;O
BI;BI
O;O
O;O
B;B
O;O
O;O
O;O
B;B
O;O
BI;OB
O;O
O;O
B;B
O;O
O;O
O;O
O;O
O;O
O;O
O;O
O;O
O;O
O;O
BI;BI
O;O
O;O
O;O
O;O
O;O
O;O
O;O
O;O
B;B
O;O
O;O
O;O
O;O
O;O
O;O
O;O
O;O
B;B
O;O
O;O
O;O
O;O
BI;BI
O;O
O;O
O;O
O;O
O;O
B;B
O;O
BI;BI
O;O
O;O
O;O
O;O
O;O
O;O
O;O
B;B
O;O
O;O
O;O
O;O
O;O
O;O
O;O
O;B
O;O
O;O
B;B
O;O
O;O
O;O
O;O
O;O
O;O
O;O
O;O
O;O
O;O
O;O
O;O
O;O
O;O
O;O
O;O
O;O
O;O
O;O
B;B
O;O
O;O
B;B
O;O
O;O
O;O
O;O
B;B
O;O
B;B
O;O
O;O
B;B
O;O
O;O
O;O
BIII;BOOB
O;O
O;O
O;O
O;O
O;O
O;O
O;O
B;B
O;O
O;O
O;O
O;O
O;O
O;O
O;O
O;O
O;O
O;O
O;O
O;O
O;O
O;O
O;O
O;O
BI;BI
O;O
O;O
O;O
B;O
O;O
O;O
O;O
O;O
O;O
O;O
O;O
O;O
O;O
O;O
O;O
O;O
O;O
O;O
O;O
O;O
O;O
O;O
O;O
O;O
O;O
O;O
O;O
O;O
B;B
B;B
O;O
O;O
O;O
O;O
O;O
O;O
O;O
O;O
BIII;OOOO
O;O
O;O
O;O
O;O
O;O
O;O
O;O
O;O
O;O
O;O
O;O
O;O
O;O
O;O
O;O
O;O
O;O
O;O
O;O
O;O
O;O
O;O
O;O
O;O
O;O
O;O
O;O
O;O
O;O
O;O
O;O
O;O
O;O
O;O
O;O
O;O
O;O
B;B
O;O
O;O
O;O
O;O
O;O
O;O
O;O
B;B
O;O
O;O
O;O
O;O
O;O
O;O
O;O
O;O
O;O
O;O
O;O
O;O
O;O
O;O
O;O
O;O
O;O
O;O
B;B
O;O
O;O
O;O
O;O
O;O
O;O
O;O
O;O
O;O
O;O
O;O
O;O
O;O
O;O
O;O
BII;OOB
O;O
O;O
O;O
O;O
O;O
O;O
O;O
O;O
O;O
O;O
O;O
B;B
O;O
O;O
O;O
O;O
O;O
B;B
O;O
B;B
O;O
O;O
O;O
O;O
O;O
BI;BI
O;O
O;O
O;O
O;O
B;B
O;O
O;O
O;O
O;O
O;O
O;O
O;O
O;O
O;O
O;O
B;B
O;O
O;O
O;O
O;O
O;O
O;O
O;O
O;O
O;O
O;O
O;O
O;O
O;O
O;O
B;B
O;O
O;O
O;O
B;B
O;O
O;O
B;B
O;O
B;B
O;O
B;B
O;O
O;O
O;O
O;O
O;O
O;O
O;O
O;O
O;O
O;O
O;O
B;B
O;O
O;O
O;O
O;O
O;O
B;B
O;O
O;O
O;O
O;O
O;O
O;O
O;O
O;O
O;O
O;O
O;O
O;O
O;O
O;O
O;O
B;B
O;O
B;B
O;O
O;O
B;B
O;O
O;O
O;O
O;O
B;B
O;O
O;O
O;O
O;O
O;O
O;O
O;O
O;O
O;O
O;O
O;O
O;O
O;O
O;O
BI;BI
O;O
O;O
O;O
O;O
O;O
O;O
O;O
O;O
O;O
BI;OB
O;O
O;O
O;O
O;O
O;O
O;O
O;O
O;O
O;O
O;O
O;O
BII;OOO
O;O
O;O
O;O
O;O
O;O
B;B
O;O
O;O
O;O
O;O
O;O
O;O
O;O
O;O
O;O
O;O
O;O
O;O
O;O
O;O
O;O
O;O
O;O
O;O
O;O
O;O
O;O
O;O
O;O
O;O
B;O
O;O
O;O
O;O
O;O
O;O
O;O
O;O
O;O
O;O
O;O
O;O
B;B
O;O
O;O
B;B
O;O
O;O
O;O
O;O
O;O
BI;BI
O;O
O;O
O;O
O;O
O;O
BI;BI
O;O
O;O
BI;BI
B;B
O;O
O;O
O;O
B;B
BI;II
O;I
BI;II
O;O
B;B
O;O
O;O
O;O
B;O
O;O
O;O
B;B
O;O
O;O
O;O
O;O
O;O
O;O
O;O
O;O
O;O
BII;BII
O;O
O;O
BIII;BOBI
O;O
B;B
O;O
O;O
O;O
B;B
O;O
O;O
O;O
O;O
O;O
O;O
O;O
O;O
O;O
O;O
O;O
O;O
O;O
O;O
O;O
O;O
O;O
O;O
O;O
O;O
O;O
O;O
O;O
O;O
O;O
O;O
O;O
O;O
O;O
O;O
O;O
O;O
B;B
O;O
O;O
O;O
O;O
B;B
O;O
O;O
O;O
O;O
B;B
O;O
O;O
O;O
O;O
O;O
O;O
O;O
O;O
O;O
O;O
O;O
O;O
O;O
O;O
O;O
O;O
O;O
O;O
O;O
O;O
O;O
O;O
O;O
O;O
O;O
O;O
O;O
O;O
B;B
O;O
B;B
O;O
B;B
O;O
O;O
O;O
O;O
O;O
B;B
O;O
O;O
O;O
O;O
O;O
O;O
O;O
O;O
O;O
O;O
O;O
O;O
O;O
B;B
O;O
O;O
O;O
O;O
O;O
BII;BII
O;O
O;O
O;O
O;O
O;O
O;O
B;B
O;O
O;O
O;O
O;O
O;O
O;O
O;O
O;O
O;O
O;O
O;O
O;O
O;O
O;O
O;O
O;O
O;O
O;O
O;O
O;O
O;O
O;O
O;O
O;O
O;O
O;O
O;O
O;O
O;O
O;O
O;O
O;O
O;O
O;O
O;O
O;O
B;B
O;O
O;O
O;O
O;O
O;O
B;B
O;O
B;B
O;O
O;O
O;O
O;O
O;O
B;B
O;O
O;O
O;O
O;O
O;O
O;O
O;O
O;O
B;B
O;O
O;O
O;O
O;O
O;O
O;O
O;O
O;O
O;O
O;O
O;O
O;O
B;B
O;O
O;O
O;O
O;O
O;O
O;O
O;O
O;O
O;O
O;O
B;B
O;O
O;O
O;O
O;O
BI;OB
O;O
O;O
O;O
O;O
O;O
O;O
BI;BI
O;O
O;O
O;O
O;O
O;O
O;O
O;O
O;O
O;O
O;O
O;O
O;O
O;O
O;O
O;O
O;O
O;O
O;O
O;O
O;O
O;O
B;B
O;O
B;B
O;O
O;O
O;O
B;B
O;O
O;O
O;O
B;B
O;O
O;O
O;O
O;O
O;O
O;O
B;B
O;O
B;B
O;O
O;O
O;O
O;O
B;B
O;O
O;O
O;O
O;O
B;B
O;O
O;O
O;O
O;O
O;O
O;O
O;O
O;O
O;O
O;O
O;O
B;B
O;O
O;O
O;O
O;O
B;B
O;O
O;O
O;O
O;O
O;O
O;O
O;O
O;O
O;O
O;O
O;O
O;O
O;O
O;O
O;O
O;O
O;O
BII;BII
O;O
O;O
O;O
O;O
O;O
O;O
O;O
O;O
O;O
O;O
O;O
O;O
O;O
O;O
O;O
O;O
O;O
O;O
O;O
O;O
O;O
B;B
O;O
O;O
O;O
O;O
O;O
B;B
O;O
O;O
O;O
O;O
O;O
O;O
B;B
O;O
O;O
O;O
O;O
O;O
O;O
O;O
O;O
O;O
O;O
O;O
O;O
O;O
O;O
O;O
O;O
O;O
O;O
O;O
O;O
O;O
O;O
O;O
O;O
O;O
O;O
O;O
O;O
O;O
O;O
O;O
O;O
B;B
O;O
O;O
O;O
O;O
B;B
O;O
O;O
O;O
O;O
O;O
O;O
O;O
BI;OO
O;O
O;O
O;O
O;O
O;O
O;O
O;O
O;O
O;O
O;O
O;O
O;O
O;O
B;B
O;O
O;O
O;O
O;O
O;O
O;O
O;O
O;O
O;O
O;O
B;B
O;O
O;O
B;B
O;O
O;O
O;O
O;O
O;O
O;O
O;O
O;O
O;O
O;O
O;O
O;O
O;O
O;O
O;O
B;B
O;O
O;O
O;O
O;O
O;O
O;O
B;B
O;O
O;O
O;O
O;O
O;O
BI;OO
O;O
O;O
O;O
O;O
O;O
O;O
O;O
O;O
O;O
O;O
O;O
O;O
O;O
B;B
O;O
O;O
O;B
O;O
O;O
O;O
B;B
O;O
O;O
O;O
O;O
O;O
O;O
O;O
O;O
O;O
O;O
O;O
O;O
O;O
B;B
O;O
O;O
O;O
O;O
O;O
B;B
O;O
O;O
O;O
O;O
O;O
O;O
O;O
B;B
O;O
O;O
O;O
O;O
O;O
B;O
O;O
O;O
B;O
O;O
O;O
B;B
O;O
O;O
O;O
O;O
O;O
O;O
B;O
B;B
O;O
B;B
O;O
O;O
BI;OO
O;O
O;O
O;O
O;O
O;O
O;O
O;O
O;O
O;O
B;B
O;O
O;O
O;O
O;O
O;O
O;O
B;B
O;O
O;O
O;O
O;O
O;O
B;B
O;O
O;O
O;O
O;O
O;O
O;O
O;O
O;O
O;O
O;O
O;O
O;O
O;O
B;B
O;O
O;O
O;O
O;O
O;O
O;O
O;O
O;O
B;O
O;O
O;O
O;O
O;O
O;O
O;O
O;O
O;O
BI;OB
O;O
O;O
O;O
O;O
O;O
O;O
O;O
BI;BI
O;O
O;O
O;O
O;O
O;O
B;B
O;O
O;O
O;O
O;O
O;O
O;O
O;O
B;B
O;O
O;O
O;O
B;O
O;O
B;B
O;O
O;O
B;B
O;O
O;O
O;O
O;O
B;B
O;O
O;O
O;O
O;O
O;O
B;B
O;O
O;O
O;O
O;O
O;O
O;O
O;O
O;O
O;O
O;O
O;O
B;B
O;O
O;O
O;O
O;O
O;O
O;O
O;O
O;O
O;O
O;O
O;O
O;O
B;B
O;O
BII;BII
O;O
O;O
O;O
O;O
O;O
O;O
O;O
O;O
O;O
O;O
O;O
O;O
O;O
B;B
O;O
O;O
O;O
O;O
O;O
O;O
O;O
O;O
O;O
B;B
O;O
O;O
O;O
O;O
O;O
O;O
O;O
B;B
B;B
O;O
O;O
O;O
O;O
O;O
O;O
O;O
O;O
O;O
O;O
O;O
O;O
O;O
O;O
O;O
O;O
O;O
O;O
O;O
O;O
O;O
O;O
O;O
O;O
O;O
O;O
O;O
O;O
O;O
O;O
O;O
O;O
O;O
O;O
O;O
O;O
O;O
O;O
O;O
O;O
BI;OO
O;O
O;O
O;O
O;O
O;O
O;O
O;O
O;O
O;O
O;O
O;O
O;O
B;B
O;O
O;O
B;B
O;O
O;O
O;O
O;O
O;O
O;O
O;O
O;O
O;O
O;O
O;O
O;O
O;O
O;O
O;O
O;O
O;O
O;O
O;O
O;O
O;O
B;B
O;O
O;O
O;O
O;O
O;O
O;O
O;O
O;O
O;O
O;O
B;B
O;O
O;O
O;O
O;O
O;O
O;O
O;O
O;O
O;O
O;O
O;O
O;O
O;O
O;O
O;O
O;O
O;O
O;O
O;O
O;O
O;O
O;O
O;O
O;O
O;O
O;O
O;O
O;O
B;B
O;O
O;O
O;O
O;O
O;O
O;O
O;O
O;O
O;O
O;O
O;O
O;O
O;O
O;O
O;O
O;O
B;O
B;O
O;O
B;B
O;O
O;O
O;O
O;O
O;O
O;O
BI;OO
O;O
O;O
O;O
O;O
O;O
O;O
O;O
O;O
O;O
O;O
O;O
O;O
O;O
O;O
O;O
B;B
O;O
O;O
O;O
O;O
O;O
O;O
B;B
O;O
O;O
O;O
O;O
O;O
O;O
O;O
B;B
O;O
O;O
O;O
O;O
O;O
O;O
O;O
O;O
O;O
O;O
O;O
O;O
O;O
B;B
O;O
O;O
O;O
O;O
BI;OO
O;O
O;O
O;O
O;O
O;O
O;O
O;O
O;O
O;O
O;O
O;O
O;O
O;O
O;O
O;O
O;B
O;O
O;O
O;O
O;O
O;O
O;O
O;O
O;O
O;O
O;O
O;O
B;B
O;O
O;O
O;O
O;O
O;O
O;O
O;O
O;O
O;O
O;O
O;O
BI;BI
O;O
O;O
O;O
B;B
O;O
O;O
O;O
O;O
O;O
O;O
O;O
O;O
O;O
O;O
O;O
O;O
BI;OO
O;O
O;O
O;O
BI;BI
O;O
O;O
O;O
O;O
O;O
O;O
O;O
O;O
O;O
B;B
OI;II
BI;II
B;I
O;O
BI;BI
O;O
O;O
O;O
O;O
O;O
O;O
O;O
O;O
B;B
O;O
O;O
O;O
O;O
O;O
O;O
B;B
O;O
B;B
O;O
O;O
O;O
O;O
O;O
O;O
O;O
BI;BO
O;O
O;O
B;B
O;O
O;O
O;O
B;O
O;O
O;O
O;O
O;O
O;O
O;O
O;O
B;B
O;O
O;O
O;O
O;O
O;O
O;O
O;O
O;O
O;O
O;O
O;O
O;O
O;O
O;O
O;O
O;O
O;O
O;O
B;B
O;O
O;O
O;O
O;O
O;O
O;O
O;O
O;O
B;B
O;O
O;O
O;O
O;O
O;O
O;O
BII;OBI
O;O
O;O
O;O
O;O
O;O
O;O
O;O
O;O
O;O
O;O
O;O
B;B
O;O
O;O
O;O
B;B
O;O
O;O
B;B
O;O
O;O
O;O
B;B
O;O
B;O
O;O
B;O
O;O
O;O
O;O
O;O
O;O
O;O
B;B
O;O
O;O
O;O
O;O
O;O
BI;BI
O;O
O;O
O;O
O;O
O;O
O;O
B;B
O;O
B;B
O;O
O;O
O;O
O;O
B;B
O;O
O;O
O;O
O;O
O;O
O;O
O;O
O;O
O;O
O;O
B;B
O;O
O;O
O;O
B;B
O;O
O;O
O;O
O;O
O;O
O;O
O;O
O;O
O;O
O;O
O;O
O;O
O;O
O;O
O;O
B;O
O;O
O;O
O;O
O;O
O;O
O;O
BI;BI
O;O
O;B
B;I
O;I
O;O
O;O
O;O
O;O
O;O
O;O
O;O
O;O
O;O
O;O
O;O
O;O
O;O
O;O
O;O
O;O
O;O
O;O
O;O
O;O
O;O
O;O
O;O
O;O
O;O
O;O
O;O
O;O
O;O
O;O
O;O
O;O
O;O
BI;BI
O;O
BI;BI
O;O
O;O
O;O
O;O
O;O
O;O
BIII;OOBI
O;O
O;O
O;O
O;O
O;O
O;O
O;O
O;O
O;O
O;O
O;O
O;O
O;O
O;O
O;O
O;O
O;O
B;B
O;O
O;O
O;O
O;O
O;O
O;O
O;O
O;O
O;O
O;O
B;B
O;O
O;O
O;O
O;O
B;O
O;O
B;B
O;O
O;O
O;O
O;O
BI;BI
O;O
O;O
O;O
O;O
O;O
O;O
O;O
O;O
O;O
O;O
O;O
O;O
O;O
O;O
O;O
O;O
BI;BI
O;O
O;O
O;O
O;O
O;O
O;O
BIII;OOOO
O;O
O;O
O;O
O;O
BI;BI
O;O
B;B
O;O
O;O
O;O
O;O
O;O
O;O
O;O
O;O
O;O
O;O
O;O
B;B
O;O
O;O
O;O
O;O
O;O
O;O
O;O
B;B
O;O
O;O
O;O
B;B
O;O
O;O
O;O
O;O
O;O
B;B
O;O
O;O
O;O
O;O
O;O
O;O
BI;BI
O;O
O;O
BI;BI
O;O
BI;BI
O;O
O;O
O;O
O;O
BI;BI
O;O
O;O
O;O
B;B
O;O
O;O
O;O
O;O
O;O
O;O
O;O
O;O
O;O
O;O
O;O
O;O
B;B
O;O
B;B
O;O
O;O
O;O
O;O
O;O
O;O
O;O
O;O
O;O
O;O
O;O
O;O
O;O
O;O
O;O
O;O
O;O
O;O
O;O
O;O
O;O
O;O
O;O
O;O
O;O
O;O
O;O
B;B
O;O
O;O
O;O
B;B
O;O
O;O
B;B
O;O
O;O
B;B
O;O
B;B
O;O
O;O
O;O
O;O
O;O
O;O
O;O
O;O
O;O
O;O
O;O
O;O
B;B
O;O
O;O
O;O
O;O
O;O
O;O
O;O
O;O
O;O
O;O
O;O
O;O
O;O
O;O
O;O
O;O
O;O
O;O
O;O
O;O
B;B
O;O
O;O
O;O
O;O
O;O
B;B
O;O
O;O
O;O
O;O
O;O
O;O
O;O
O;O
O;O
O;O
O;O
O;O
O;O
O;O
O;O
BI;BI
O;O
O;O
BI;BI
O;O
O;O
O;O
O;O
O;O
O;O
O;O
O;O
O;O
O;O
O;O
O;O
O;O
B;B
O;O
O;O
O;O
O;O
O;O
O;O
O;O
O;O
O;O
B;B
O;O
B;O
O;O
O;O
O;O
O;O
BII;OBI
O;O
O;O
O;O
O;O
BI;BI
O;O
O;O
O;O
O;O
O;O
B;B
O;O
O;O
O;O
O;O
O;O
O;O
O;O
O;O
O;O
O;O
B;O
O;O
O;O
O;O
O;O
O;O
B;B
O;O
O;O
O;O
O;O
O;O
O;O
O;O
O;O
B;O
O;O
O;O
O;O
O;O
O;O
O;O
BI;BI
O;O
BI;BI
O;O
O;O
O;O
O;O
O;O
O;O
O;O
O;O
O;O
O;O
O;O
O;O
O;O
B;B
O;O
O;O
O;O
O;O
O;O
O;O
O;O
O;O
O;O
O;O
O;O
O;O
O;O
O;O
O;O
O;O
O;O
O;O
B;B
O;O
O;O
O;O
O;O
O;O
O;O
O;O
O;O
O;O
O;B
O;O
B;B
O;O
O;O
O;O
O;O
O;O
O;O
O;O
O;O
O;O
B;B
O;O
B;B
O;O
O;O
O;O
O;O
O;O
O;O
O;O
O;O
O;O
O;O
O;O
O;O
O;O
O;O
O;O
B;B
O;O
O;O
O;O
O;O
O;O
O;O
O;O
B;B
O;O
O;O
O;O
OI;OB
O;O
O;O
B;B
O;O
O;O
O;O
O;O
BI;OB
O;O
O;O
O;O
BI;BI
O;O
O;O
O;O
O;O
O;O
O;O
O;O
O;O
O;O
B;B
O;O
B;B
O;O
BI;OB
O;O
O;O
B;B
O;O
O;O
O;O
O;O
B;B
O;O
O;O
O;O
O;O
O;O
O;O
O;O
O;O
O;O
O;O
O;O
O;O
O;O
O;O
BI;BI
O;O
O;O
O;O
O;O
O;O
O;O
O;O
O;O
O;O
O;O
O;O
O;O
O;O
O;O
O;O
O;O
O;O
O;O
O;O
O;O
O;O
O;O
O;O
O;O
O;O
O;O
O;O
O;O
O;O
O;O
O;O
O;O
O;O
B;O
O;O
O;O
O;O
O;O
O;O
O;O
O;O
O;O
O;O
O;O
O;O
O;O
O;O
O;O
O;O
O;O
O;O
O;O
O;O
BI;OO
O;O
O;O
BII;OOO
O;O
O;O
O;O
O;O
O;O
O;O
O;O
O;O
O;O
O;O
O;O
O;O
O;O
O;O
O;O
O;O
O;O
O;O
O;O
O;O
O;O
O;O
O;O
O;O
O;O
O;O
O;O
O;O
O;O
O;O
O;O
O;O
O;O
O;O
O;O
O;O
O;O
O;O
O;O
B;B
O;O
O;O
B;B
O;O
O;O
O;O
O;O
O;O
B;B
O;O
O;O
O;O
O;O
O;O
O;O
O;O
O;O
O;O
O;O
O;O
O;O
O;O
O;O
O;O
O;O
BIII;BOBI
O;O
O;O
BII;OOO
B;B
O;O
O;B
O;O
O;O
O;O
O;O
B;B
O;O
B;B
O;O
B;B
O;O
O;O
B;B
O;O
O;O
BIIII;BIIII
O;O
O;O
O;O
O;O
O;O
O;O
O;O
O;O
O;O
B;B
O;O
O;O
O;O
O;O
O;O
O;O
O;O
O;O
O;O
O;O
O;O
O;O
O;O
O;O
O;O
O;O
O;O
O;O
O;O
O;O
O;O
O;O
O;O
O;O
O;O
O;O
O;O
O;O
O;O
O;O
O;O
O;O
O;O
O;O
B;B
O;O
O;O
O;O
O;O
O;O
O;O
O;O
O;O
O;O
O;O
O;O
BIIIII;OBIIII
O;O
O;O
O;O
O;O
O;O
BII;BII
O;O
O;O
O;O
O;O
O;O
O;O
O;O
O;O
O;O
O;O
O;O
O;O
O;O
O;O
O;O
O;O
O;O
O;O
O;O
O;O
O;O
B;B
O;O
B;B
O;O
O;O
O;O
O;O
O;O
O;O
O;O
O;O
O;O
B;B
O;O
O;O
O;O
O;O
O;O
O;O
O;O
O;O
O;O
O;O
O;O
O;O
O;O
O;O
O;O
O;O
O;O
O;O
O;O
O;O
O;O
O;O
O;O
O;O
O;O
O;O
O;O
O;O
O;O
O;O
O;O
O;O
O;O
O;O
O;O
O;O
O;O
O;O
O;O
O;O
O;O
O;O
O;O
O;O
O;O
O;O
O;O
O;O
BI;BI
O;O
O;O
O;O
B;O
O;O
O;O
O;O
O;O
O;O
O;O
O;O
O;O
O;O
O;O
O;O
O;O
O;O
O;O
O;O
O;O
O;O
O;O
O;O
O;O
O;O
O;O
O;O
O;O
O;O
O;O
O;O
O;O
O;O
O;O
O;O
O;O
O;O
O;O
O;O
B;B
O;O
O;O
B;B
O;O
O;O
O;O
O;O
B;B
O;O
O;O
O;O
BI;BI
O;O
O;O
O;O
O;O
O;O
O;O
O;O
O;O
O;O
O;O
O;O
O;O
O;O
O;O
B;B
O;O
O;O
O;O
O;O
O;O
B;B
O;O
O;O
O;O
O;O
B;O
O;O
O;O
O;O
O;O
O;O
O;O
O;O
B;B
O;O
O;O
O;O
O;O
O;O
O;O
O;O
O;O
O;O
O;O
O;O
O;O
O;O
O;O
O;O
O;O
O;O
O;O
O;O
O;O
O;O
O;O
B;B
O;O
O;O
O;O
O;O
O;O
O;O
O;O
O;O
O;O
O;O
O;O
O;O
O;O
O;O
O;B
O;O
O;O
O;O
O;O
BI;BI
O;O
O;O
O;O
BI;BI
O;O
O;O
O;O
O;O
O;O
O;O
O;O
O;O
BI;OO
O;O
BI;OO
O;O
O;O
O;O
BI;BI
O;O
O;O
O;O
O;O
O;O
O;O
O;O
O;O
BI;OO
O;O
O;O
O;O
O;O
O;O
O;O
O;O
O;O
O;O
O;O
O;O
O;O
O;O
O;O
O;O
B;B
O;O
O;O
O;O
B;B
O;O
O;O
O;O
B;B
O;O
O;O
O;O
B;B
O;O
O;O
O;O
O;O
O;O
O;O
O;O
O;O
O;O
O;O
O;O
B;B
O;O
O;O
O;O
O;O
O;O
O;O
O;B
O;O
O;O
O;O
O;O
O;O
B;B
O;O
O;O
O;O
O;O
O;O
O;O
O;O
O;O
B;B
O;O
O;O
O;O
O;O
O;O
BI;OO
O;O
O;O
O;O
O;O
O;O
O;O
O;O
O;O
O;O
B;B
O;O
O;O
O;O
O;O
O;O
B;B
O;O
O;O
O;O
O;O
O;O
O;O
O;O
O;O
O;O
B;B
O;O
O;O
O;O
O;O
O;O
O;O
B;B
O;O
O;O
O;O
B;B
O;O
B;O
O;O
O;O
O;O
O;O
O;O
O;O
O;O
O;O
O;O
O;O
O;O
O;O
O;O
O;O
O;O
O;O
O;O
O;O
O;O
O;O
O;O
O;O
O;O
O;O
O;O
O;O
O;O
O;O
O;O
O;O
B;B
O;O
O;O
O;O
O;O
BII;BII
O;O
B;B
O;O
O;O
O;O
O;O
B;B
O;O
O;O
O;O
B;B
O;O
O;O
O;O
O;O
O;O
O;O
BI;OB
O;O
O;O
O;O
O;O
B;O
O;O
O;O
O;O
O;O
O;O
O;O
O;O
O;O
O;O
O;O
O;O
O;O
O;O
O;O
BI;BI
O;O
O;O
B;B
O;O
O;O
O;O
O;O
O;O
O;O
O;O
O;O
O;O
O;O
O;O
O;O
O;O
O;O
O;O
O;O
O;O
O;O
O;O
O;O
O;O
O;O
O;O
O;O
O;O
O;O
O;O
O;O
O;O
O;O
O;O
O;O
O;O
O;O
O;O
BII;BII
O;O
O;O
B;B
O;O
O;O
O;O
O;O
O;O
O;O
O;O
O;O
O;O
O;O
O;O
O;O
O;O
B;B
O;O
O;O
O;O
B;B
O;O
O;O
O;O
O;O
O;O
O;O
O;O
O;O
O;O
O;O
O;O
B;B
O;O
O;O
O;O
O;O
BIII;OOOO
O;O
O;O
O;O
O;O
O;O
O;O
O;O
O;O
O;O
O;O
O;O
O;O
O;O
O;O
O;O
O;O
O;O
O;O
O;O
O;O
O;O
O;O
O;O
O;O
O;O
O;O
O;O
O;O
O;O
O;O
O;O
O;O
O;O
O;B
O;O
O;O
O;O
O;O
B;B
O;O
O;O
O;O
O;O
O;O
O;O
O;O
O;O
B;B
O;O
O;O
O;O
O;O
O;O
O;O
O;O
O;O
BI;BI
B;B
O;O
O;O
O;O
O;O
O;O
O;O
O;O
B;B
O;O
O;O
O;O
O;O
O;O
O;O
O;O
O;O
O;O
O;O
O;O
O;O
O;O
O;O
O;O
O;O
O;O
O;O
O;O
O;O
O;O
O;O
O;O
O;O
O;O
O;O
O;O
O;O
BI;BI
O;O
BI;OB
O;O
O;O
B;O
O;O
O;O
O;O
O;O
O;O
O;O
B;B
O;O
O;O
O;O
O;O
O;O
O;O
O;O
BII;OOO
O;O
O;O
B;B
O;O
O;O
O;O
O;O
O;O
O;O
O;O
O;B
O;O
O;O
O;O
O;O
O;O
O;O
O;O
O;O
O;O
O;O
O;O
O;O
O;O
O;O
O;O
O;O
O;O
O;O
B;B
O;O
O;O
O;O
O;O
O;O
O;O
O;O
O;O
B;B
O;O
O;O
O;O
O;O
O;O
B;B
O;O
O;O
O;O
O;O
O;O
O;O
O;O
O;O
O;O
B;B
O;O
O;O
O;O
O;O
O;O
O;O
O;O
O;O
O;O
O;O
O;O
O;O
O;O
O;O
O;O
O;O
O;O
O;O
O;O
O;O
O;O
O;O
O;O
O;O
O;O
O;O
O;O
O;O
O;O
O;O
O;O
O;O
B;B
O;O
O;O
O;O
O;O
O;O
O;O
O;O
O;O
O;O
O;O
O;O
O;O
O;O
O;O
B;B
O;O
O;O
O;O
O;O
O;O
O;O
O;O
O;O
O;O
O;O
O;O
O;O
O;O
O;O
O;O
O;O
O;O
O;O
O;O
O;O
O;O
O;O
O;O
O;O
O;O
O;O
O;O
O;O
O;O
O;O
O;O
O;O
O;O
O;O
O;O
O;O
O;O
O;O
O;B
O;O
O;O
O;O
O;O
O;O
O;O
O;O
O;O
O;O
O;O
O;O
O;O
O;O
O;O
O;O
O;O
O;O
O;O
O;O
O;O
O;O
O;O
O;O
O;O
O;O
O;O
O;O
O;O
O;O
O;O
O;O
O;O
O;O
B;B
O;O
O;O
O;O
BI;OO
O;O
O;O
O;O
O;O
O;O
O;O
B;B
O;O
O;O
O;O
O;O
O;O
O;O
O;O
O;O
O;O
O;O
O;O
O;O
O;O
O;O
O;O
O;O
O;O
O;O
O;O
O;O
O;O
O;O
O;O
O;O
O;O
O;O
O;O
O;O
O;O
O;O
O;O
O;O
O;O
O;O
O;O
O;O
O;O
O;O
O;O
O;O
O;O
O;O
O;O
O;O
O;O
O;O
O;O
O;O
O;O
O;O
O;O
O;O
O;O
O;O
B;B
O;O
O;O
O;O
O;O
O;O
B;B
O;O
O;O
O;O
O;O
O;O
O;O
O;O
O;O
O;O
O;O
O;O
O;O
O;O
O;O
B;B
O;O
O;O
O;O
O;O
O;O
O;O
O;O
O;O
O;O
O;O
O;O
B;B
O;O
B;B
O;O
O;O
O;O
O;O
O;O
O;O
O;O
O;O
O;O
O;O
O;O
O;O
O;O
O;O
O;O
O;O
O;O
O;O
O;O
O;O
O;O
O;O
O;O
O;O
B;B
O;O
O;O
O;O
O;O
O;O
O;O
O;O
O;O
O;O
O;O
O;O
O;O
O;O
O;O
O;O
O;O
O;O
O;O
O;O
O;O
O;O
O;O
O;O
O;O
O;O
O;O
O;O
O;O
O;O
O;O
O;O
O;O
O;B
O;O
O;O
O;O
O;O
O;O
O;O
O;O
O;O
O;O
O;O
O;O
O;O
O;O
O;O
B;B
O;O
O;O
O;O
O;O
O;O
O;O
O;O
O;O
O;O
O;O
BI;BI
O;O
B;B
O;O
O;O
O;O
O;O
O;O
O;O
O;O
O;O
O;O
O;O
O;O
O;O
O;O
O;O
O;O
O;O
O;O
O;O
O;O
O;O
O;O
B;B
O;O
O;O
O;O
O;O
O;O
O;O
B;B
O;O
O;O
O;O
O;O
O;O
O;O
O;O
O;O
B;B
O;O
O;O
O;O
O;O
O;O
B;B
O;O
O;O
O;O
O;O
O;O
O;O
O;O
BIII;OBII
O;O
O;O
O;O
O;O
O;O
O;O
O;O
O;O
O;O
O;O
O;O
O;O
O;O
O;O
O;O
O;O
O;O
O;O
O;O
O;O
O;O
O;O
O;O
O;O
O;O
O;O
O;O
O;O
O;O
O;O
O;O
O;O
BI;OO
O;O
O;O
O;O
O;O
O;O
O;O
O;O
O;O
O;O
O;O
O;O
O;O
O;O
BI;BI
O;O
O;O
O;O
O;O
O;O
O;O
B;B
O;O
O;O
O;O
O;O
O;O
O;O
O;O
O;O
O;O
O;O
O;O
O;O
O;O
O;O
O;O
O;O
B;B
O;O
O;O
O;O
O;O
O;O
B;B
O;O
B;B
O;O
O;O
O;O
O;O
O;O
B;B
O;O
O;O
O;O
O;O
O;O
O;O
O;O
O;O
O;O
O;O
O;O
O;O
O;O
O;O
O;O
O;O
O;O
O;O
O;O
O;O
O;O
O;O
O;O
O;O
O;O
O;O
O;O
O;O
O;O
O;O
O;O
O;O
O;O
O;O
O;O
O;O
O;O
O;O
O;O
O;O
O;O
O;O
O;O
O;O
O;O
O;O
O;O
O;O
O;O
B;B
O;O
O;O
O;O
O;O
O;O
B;O
O;O
O;O
O;O
O;O
O;O
O;O
O;O
O;O
O;O
O;O
O;O
O;O
O;O
O;O
O;O
O;O
O;O
O;O
O;O
O;O
O;O
O;O
O;O
O;O
O;O
O;O
O;O
O;O
O;O
B;B
O;O
O;O
O;O
O;O
O;O
O;O
B;B
O;O
O;O
O;O
O;O
O;O
O;O
O;O
O;O
O;O
B;B
O;O
O;O
O;O
O;O
O;O
O;O
O;O
B;O
O;O
BII;BII
O;O
O;O
O;O
O;O
O;O
O;O
O;O
O;O
B;B
O;O
B;B
O;O
B;B
O;O
O;O
O;O
O;O
O;O
B;B
O;O
O;O
O;O
O;O
BII;BBI
O;O
O;O
B;B
O;O
O;O
O;O
O;O
O;O
O;O
O;O
O;O
O;O
O;O
O;O
O;O
O;O
O;O
B;B
O;O
O;O
O;O
O;O
O;O
O;O
O;O
O;O
O;O
O;O
O;O
O;O
O;O
O;O
O;O
O;O
O;O
O;O
O;O
O;O
O;O
B;B
O;O
O;O
O;O
O;O
O;O
O;O
O;O
O;O
BII;OBI
O;O
O;O
O;O
B;O
O;O
O;O
O;O
O;O
O;O
O;O
O;O
O;O
O;O
B;B
O;O
O;O
O;O
O;O
O;O
BI;BI
O;O
O;O
O;O
O;O
O;O
O;O
B;B
O;O
O;O
O;O
O;O
O;O
O;O
O;O
O;O
O;O
B;B
O;O
O;O
O;O
O;O
O;O
O;O
O;O
O;O
O;O
O;B
O;O
O;O
O;O
O;O
O;O
O;O
O;O
B;B
O;O
O;O
O;O
O;O
O;O
O;O
O;O
O;O
O;O
O;B
O;I
O;O
O;O
B;B
O;O
O;O
O;O
O;O
O;O
O;O
O;O
O;O
O;O
O;O
O;O
O;O
O;O
O;O
O;O
O;O
O;O
O;O
O;O
O;O
O;O
O;O
O;O
B;B
O;O
O;O
O;O
O;O
B;B
O;O
B;B
O;O
O;O
O;O
O;O
O;O
O;O
O;O
O;O
O;O
O;O
O;O
O;O
O;O
B;B
O;O
O;O
O;O
O;O
O;O
O;O
O;O
O;O
O;O
O;O
O;O
BI;BI
O;O
O;O
O;O
O;O
O;O
O;B
O;O
O;O
O;O
O;O
O;O
O;O
O;O
O;O
O;O
O;O
O;O
O;O
O;O
O;O
O;O
O;O
O;O
O;O
O;O
O;O
O;O
O;O
O;O
O;O
O;O
O;O
O;O
O;O
O;O
O;O
O;O
O;O
O;O
O;O
B;B
B;B
O;O
O;O
O;O
B;B
O;O
O;O
O;O
O;O
O;O
O;O
O;O
B;B
O;O
O;O
O;O
B;B
O;O
O;O
O;O
O;O
O;O
O;O
O;O
O;O
O;O
O;O
O;O
O;O
O;O
O;O
O;O
O;O
O;O
O;O
B;B
O;O
O;O
O;O
O;O
O;O
O;O
BI;OB
O;O
O;O
O;O
O;O
O;O
O;O
O;O
O;O
B;B
O;O
O;O
O;O
O;O
O;O
O;O
O;O
O;O
O;O
O;O
O;O
O;O
O;O
O;O
O;O
O;O
O;O
O;O
O;O
O;O
O;O
O;O
O;O
O;O
O;O
O;O
O;O
O;O
O;O
O;O
O;O
O;O
O;O
O;O
O;O
O;O
B;B
O;O
O;O
O;O
O;O
O;O
B;B
O;O
O;O
O;O
O;O
O;O
O;O
O;O
B;B
O;O
O;O
O;O
O;O
O;O
O;O
O;O
O;O
O;O
O;O
O;O
O;O
O;O
O;O
O;O
O;O
O;O
O;O
O;O
O;O
O;O
O;O
O;O
O;O
O;O
O;O
O;O
O;O
O;B
O;O
O;O
O;O
O;O
O;O
O;O
O;O
O;O
O;O
O;O
O;O
O;O
O;O
O;O
O;O
O;O
O;O
O;O
O;O
O;O
O;O
O;O
O;O
O;O
O;O
O;O
O;O
O;O
O;O
O;O
O;O
O;O
O;O
B;O
O;O
O;O
O;O
O;O
B;B
O;O
O;O
O;O
O;O
O;O
O;O
O;O
B;B
O;O
O;O
O;O
O;O
O;O
O;O
O;O
O;O
O;O
O;O
O;O
O;O
O;O
O;O
O;O
O;O
O;O
O;O
O;O
O;O
O;O
O;O
O;O
O;B
O;O
O;O
O;O
O;O
O;O
O;O
O;O
O;O
O;O
O;O
O;O
O;O
O;O
O;O
O;O
O;O
O;O
B;B
O;O
O;O
O;O
O;O
O;O
O;O
O;O
O;O
O;O
O;O
O;O
O;O
O;O
O;O
O;O
O;O
O;O
O;O
O;O
O;O
O;O
O;O
O;O
O;O
O;O
O;O
O;O
O;O
O;O
O;O
O;O
O;O
O;O
O;O
O;O
O;O
O;O
O;O
O;O
O;O
O;O
O;O
B;B
O;O
O;O
O;O
O;O
O;O
O;O
O;O
O;O
O;O
B;B
O;O
O;O
O;O
O;O
O;O
O;O
O;O
O;O
O;O
O;O
O;O
O;O
O;O
O;O
O;O
O;O
O;O
O;O
O;O
O;O
O;O
O;O
O;O
O;O
O;O
B;B
O;O
O;O
O;O
O;O
O;O
O;O
O;O
O;O
O;O
O;O
O;O
O;O
O;O
O;O
O;O
O;O
O;O
O;O
O;O
O;O
O;O
O;O
O;O
O;O
O;O
B;B
O;O
O;O
O;O
O;O
O;O
O;O
B;B
O;O
O;O
O;O
O;O
O;O
O;O
O;O
O;O
O;O
O;O
O;O
O;O
O;O
O;O
O;O
O;O
O;O
O;O
O;O
O;O
O;O
O;O
O;O
O;O
O;B
O;I
O;O
O;O
BI;OB
O;O
O;O
O;O
O;O
O;O
O;O
O;O
O;O
O;O
O;O
O;O
O;O
O;O
O;O
O;O
O;O
O;O
O;O
O;O
O;O
O;O
O;O
O;O
O;O
O;O
O;O
B;B
O;O
O;O
O;O
O;O
O;O
O;O
O;O
O;O
O;O
B;B
O;O
O;O
O;O
O;O
B;B
O;O
B;O
O;O
O;O
O;O
B;B
O;O
O;O
O;O
O;O
O;O
O;O
O;O
B;B
O;O
O;O
O;O
O;O
O;O
O;O
O;O
O;O
B;B
O;O
B;O
O;O
O;O
O;O
O;O
BI;BI
O;O
O;O
O;O
B;B
B;O
B;O
O;O
O;O
BI;OO
O;O
O;O
O;O
O;O
O;O
O;O
O;O
O;O
O;O
O;O
O;O
O;O
O;O
O;O
O;O
O;O
O;O
O;O
B;B
O;O
O;O
O;O
O;O
O;O
O;O
O;O
O;B
O;O
O;O
O;O
O;O
O;O
O;O
O;O
O;O
O;O
O;O
O;O
O;O
O;O
O;O
O;O
B;B
O;O
O;O
O;O
O;O
O;O
O;O
O;O
B;O
O;O
O;O
O;O
O;O
O;O
O;O
O;O
O;O
O;O
O;O
O;O
O;O
O;O
O;O
O;O
O;O
O;O
O;O
O;O
O;O
O;O
O;O
O;O
O;O
O;O
O;O
O;O
O;O
O;O
O;O
O;O
O;O
O;O
O;O
O;O
O;O
O;O
O;O
O;O
O;O
O;O
O;O
O;O
O;O
O;O
O;O
O;O
O;O
O;O
O;O
B;B
O;O
O;O
O;O
B;B
OI;OO
O;O
BIII;BIOO
O;O
O;O
O;O
B;B
O;O
O;O
O;O
O;O
B;B
O;O
O;O
O;O
O;O
O;O
O;O
O;O
O;O
O;O
O;O
O;O
O;O
O;O
O;O
O;O
O;O
O;O
O;O
O;O
O;O
O;O
O;O
O;O
O;O
O;O
B;B
O;O
O;O
O;O
O;O
O;O
O;O
O;O
O;O
O;O
B;B
O;O
O;O
O;O
O;O
B;B
O;O
O;O
O;O
O;O
O;O
O;O
O;O
O;O
O;O
O;O
O;O
O;O
O;O
B;B
O;O
O;O
O;O
O;O
O;B
O;I
O;O
O;O
O;O
O;O
O;O
O;O
O;O
O;O
O;O
O;O
O;O
O;O
O;O
O;O
O;O
O;O
O;O
O;O
O;O
O;O
B;B
O;O
O;O
O;O
O;O
B;B
O;O
B;O
O;O
O;O
O;O
O;O
O;O
O;O
O;O
O;O
O;O
O;O
O;O
O;O
O;O
O;O
O;O
O;O
O;O
O;O
O;O
O;O
O;O
BI;BI
O;O
O;O
O;O
O;O
O;O
O;O
O;O
O;O
O;O
B;B
O;O
O;O
O;O
O;O
O;O
O;O
O;O
O;O
O;O
O;O
O;O
BI;BI
O;O
BI;BI
O;O
O;O
O;O
O;O
O;O
B;B
O;O
O;O
O;O
O;O
O;O
O;O
O;O
O;O
O;O
O;O
O;O
BI;BI
O;O
O;O
O;O
BI;BI
O;O
O;O
O;O
O;O
BI;BI
O;O
O;O
O;O
O;O
O;O
O;O
O;O
O;O
O;O
O;O
O;O
O;O
O;O
O;O
O;O
O;B
O;O
O;O
O;O
O;O
O;O
O;O
O;O
O;O
O;O
O;O
O;O
O;O
O;O
O;O
O;O
O;O
O;O
O;O
O;O
O;O
O;O
O;O
O;O
O;O
O;O
O;O
O;O
O;O
O;O
B;B
O;O
O;O
O;O
O;O
O;O
O;O
O;O
O;O
O;O
OI;OB
O;O
O;O
BI;BI
B;I
B;I
B;I
O;O
O;O
O;O
O;O
O;O
O;O
O;O
B;B
O;O
BI;BI
O;I
O;I
O;O
O;O
O;O
O;O
O;O
B;O
O;O
O;O
O;O
OI;OO
O;O
O;O
O;O
O;O
O;O
O;O
O;O
O;O
BII;OOO
O;O
B;B
O;O
O;O
O;O
B;B
O;O
O;O
O;O
O;O
O;O
O;O
O;O
O;O
O;O
O;O
O;O
O;O
B;B
O;O
O;O
O;O
O;O
O;O
O;O
O;O
O;O
O;O
O;O
O;O
O;O
O;O
O;O
O;O
O;O
O;O
O;O
O;O
O;O
O;O
O;O
O;O
O;O
B;B
O;O
BII;OBI
O;O
O;O
O;O
O;O
O;O
O;O
B;B
O;O
O;O
O;O
O;O
O;O
O;O
O;O
O;O
O;O
O;O
O;O
O;O
O;O
O;O
O;O
O;O
O;O
B;B
O;O
O;O
B;B
O;O
O;O
O;O
O;O
O;O
BI;OO
O;O
O;O
O;O
O;O
O;O
O;O
O;O
O;O
O;O
O;O
O;O
O;O
O;O
O;O
O;O
O;O
B;O
O;O
O;O
O;O
O;O
O;O
O;O
O;O
BI;BI
O;O
O;O
O;O
O;O
B;B
O;O
O;O
O;O
O;O
O;O
O;O
O;O
O;O
O;O
O;O
O;O
O;O
O;O
O;O
O;O
O;O
O;O
O;O
O;O
O;O
O;O
O;O
O;O
O;O
O;O
O;O
O;O
O;O
B;O
O;O
O;O
O;O
O;O
O;O
O;O
O;O
O;O
O;O
O;O
B;B
O;O
O;O
O;O
O;O
O;O
O;O
O;O
B;B
O;O
O;O
O;O
O;O
O;O
O;O
O;O
O;O
BI;OB
O;O
O;O
O;O
O;O
O;O
O;O
B;B
O;I
O;O
BI;BI
O;O
O;O
O;O
O;O
O;O
O;O
O;O
O;O
B;B
O;O
O;O
O;O
O;O
O;O
O;O
O;O
O;O
O;O
O;O
O;O
O;O
B;B
O;O
O;O
O;O
O;O
O;O
O;O
O;O
O;O
B;B
O;O
O;O
O;O
B;B
O;O
O;O
O;O
O;O
O;O
O;O
O;O
B;B
O;O
O;O
O;O
O;O
O;O
O;O
O;O
O;O
O;O
O;O
O;O
O;O
B;B
B;I
B;I
O;I
O;O
O;O
BI;OO
O;O
O;O
O;O
O;O
O;O
O;O
BI;OO
O;O
O;O
B;B
O;O
O;O
O;O
O;O
B;O
O;O
B;B
O;O
O;O
B;B
O;O
O;O
O;O
O;O
O;O
O;O
O;O
O;O
O;O
O;O
B;O
O;O
O;O
O;O
O;O
O;O
O;O
O;O
O;O
O;O
O;O
O;O
B;O
B;O
O;O
B;O
O;O
BII;OBI
O;O
O;O
O;O
O;O
B;B
O;O
O;O
O;O
B;B
O;O
O;O
O;O
O;O
BII;OOO
O;O
O;O
BII;OBI
O;O
O;O
O;O
O;O
O;O
O;O
O;O
O;O
O;O
O;O
O;O
BI;OB
O;O
O;O
O;O
O;O
O;O
O;O
O;O
O;O
O;O
O;O
O;O
O;O
O;O
O;O
O;O
O;O
O;O
O;O
O;O
O;O
O;O
BI;BI
O;O
B;B
O;O
O;O
O;O
O;O
O;O
O;O
O;O
B;B
O;O
O;O
O;O
O;O
O;O
O;O
O;O
O;O
B;B
O;O
B;B
O;O
O;O
O;O
O;O
O;O
O;O
B;B
O;O
O;O
O;O
O;O
O;O
O;O
O;O
O;O
O;O
O;O
O;O
O;O
O;O
O;O
O;O
O;O
O;O
O;O
O;O
O;O
O;O
O;O
O;O
O;O
O;O
O;O
O;O
O;O
O;O
O;O
O;O
O;O
O;O
O;O
O;O
O;O
O;O
O;O
O;O
O;O
O;O
O;O
O;O
O;O
O;O
O;O
O;O
O;O
O;O
O;O
O;O
O;O
O;O
O;O
O;O
O;O
O;O
O;O
O;O
O;O
O;O
O;O
O;O
O;O
O;O
O;O
O;O
O;O
O;O
O;O
O;O
O;O
O;O
O;O
B;B
O;O
O;O
O;O
O;O
O;O
O;O
O;O
O;O
O;O
O;O
O;O
O;O
O;O
O;O
O;O
O;O
O;O
O;O
O;O
B;B
O;O
O;O
O;O
BI;BI
O;O
O;O
O;O
O;O
O;O
B;O
O;O
O;O
O;O
O;O
O;O
O;O
O;O
O;O
O;O
O;O
O;O
O;O
O;O
O;O
O;O
O;O
O;O
O;O
O;O
O;O
O;O
O;O
O;O
B;B
O;O
B;B
O;O
O;O
O;O
O;O
O;O
O;O
B;B
O;O
O;O
O;O
O;O
O;O
O;O
O;O
B;B
O;O
O;O
O;O
O;O
O;O
O;O
O;O
O;O
O;O
O;O
O;O
O;O
O;O
O;O
O;O
O;O
O;O
O;O
O;O
O;O
O;O
O;O
O;O
O;O
O;O
O;O
O;O
O;O
O;O
O;O
O;O
O;O
B;B
O;O
O;O
O;O
O;O
O;O
B;B
O;O
O;O
O;O
O;O
O;O
O;O
O;O
O;O
O;O
O;O
O;O
B;B
O;O
O;O
O;O
O;O
B;O
O;O
O;O
O;O
O;O
O;O
O;O
O;O
O;O
O;O
O;O
O;O
O;O
O;O
O;O
O;O
O;O
O;O
O;O
O;O
O;O
O;O
O;O
BI;BI
O;O
O;O
O;O
B;B
O;O
O;O
O;B
O;I
O;O
O;O
O;O
BI;OO
O;O
BI;OO
O;O
O;O
O;O
B;O
O;O
O;O
O;O
O;O
O;O
O;O
O;O
O;O
O;O
O;O
O;O
O;O
O;O
O;O
O;O
O;O
O;O
O;O
O;O
O;O
O;O
O;O
O;O
O;O
O;O
O;O
O;O
O;O
O;O
O;O
O;O
O;O
O;O
O;O
O;O
O;O
O;O
O;O
O;O
O;O
O;O
B;B
O;O
O;O
O;O
O;O
O;O
O;O
O;O
O;O
O;O
O;O
O;O
O;O
O;O
O;O
O;O
O;B
O;I
O;O
O;O
O;O
O;O
O;O
O;O
O;O
O;O
O;O
O;O
O;O
O;O
O;O
O;O
O;O
O;O
O;O
O;O
O;O
O;O
O;O
O;O
O;O
B;B
O;O
O;O
O;O
BIII;BOOB
O;O
O;O
O;O
O;O
O;O
O;O
O;O
O;O
O;O
O;O
O;O
B;O
O;O
BI;OB
O;O
O;O
O;O
O;O
O;O
O;O
O;O
O;O
O;O
O;O
O;O
O;O
O;O
O;O
BII;OBI
O;O
O;O
O;O
O;O
B;B
O;O
O;O
O;O
O;O
B;B
O;O
O;O
O;O
O;O
O;O
O;O
O;O
O;O
B;B
O;O
O;O
O;O
O;O
O;O
O;O
O;O
O;O
O;O
O;O
O;O
O;O
B;B
O;O
O;O
O;O
O;O
O;O
O;O
O;O
O;O
O;O
O;O
O;O
O;O
O;O
O;O
O;O
O;O
O;O
O;O
O;O
B;B
O;O
O;O
O;O
O;O
O;O
O;O
O;O
O;O
O;O
O;O
O;O
O;O
O;O
B;B
O;O
O;O
O;O
O;O
O;O
O;O
O;O
O;O
O;O
B;B
O;O
O;O
O;O
O;O
O;O
O;O
O;B
O;O
O;O
O;O
O;O
O;O
O;O
O;O
O;O
O;O
O;O
O;O
O;O
O;O
O;O
O;O
O;O
O;O
O;O
O;O
O;O
O;O
O;O
O;O
O;O
O;O
O;O
O;O
O;O
O;O
B;B
O;O
O;O
O;O
O;O
O;O
O;O
O;O
O;O
B;B
B;I
O;O
O;O
O;O
B;B
O;O
O;O
O;O
O;O
O;O
B;B
O;O
O;O
O;O
O;O
O;O
O;O
O;O
O;O
O;O
O;O
O;O
O;O
O;O
O;O
O;O
O;O
O;O
O;O
O;O
O;O
O;O
O;O
O;O
O;O
O;O
O;O
OI;OO
BI;OO
OI;OO
BIIIII;OOOBOO
B;B
O;O
O;O
O;O
O;O
O;O
O;O
O;O
O;O
O;O
O;O
B;B
O;O
O;O
O;O
O;O
B;B
O;O
O;O
O;O
B;B
O;O
O;O
O;O
O;O
O;O
O;O
O;O
O;O
B;O
O;O
B;B
O;O
O;O
O;O
O;O
O;O
O;O
O;O
O;O
O;O
O;O
O;O
O;O
O;O
O;O
O;O
O;O
O;O
O;O
B;B
O;O
O;O
O;O
O;O
O;O
O;O
BI;BO
O;O
O;O
O;O
O;O
O;O
O;O
O;O
O;O
O;O
O;O
O;O
B;B
O;O
O;O
O;O
O;O
O;O
B;B
O;O
O;O
O;O
O;O
O;O
O;O
O;O
O;O
O;O
O;O
O;O
B;B
O;O
O;O
O;O
O;O
O;O
B;B
O;O
O;O
O;O
O;O
O;O
BI;BI
O;O
O;O
O;O
O;O
BI;BI
O;O
O;O
O;O
BI;BI
O;O
O;O
OI;BI
O;O
O;O
BI;BI
O;O
O;O
O;O
O;O
O;O
O;O
O;O
B;B
O;O
O;O
O;O
O;O
O;O
O;O
O;O
B;B
O;O
O;O
O;O
O;O
O;O
O;O
BI;OB
O;O
O;O
O;O
O;O
O;O
O;O
O;O
O;O
O;O
O;O
O;O
O;O
O;O
O;O
O;O
BII;OBI
O;O
O;O
BII;OBI
O;O
O;O
O;O
O;O
O;O
O;O
B;B
O;O
O;O
O;O
B;B
O;O
O;O
O;O
O;B
O;I
B;I
O;O
O;O
O;O
O;O
O;O
O;O
B;B
O;O
O;O
O;O
O;O
O;O
O;O
O;O
O;O
B;B
O;O
O;O
O;O
O;O
O;O
O;O
O;O
O;O
O;O
O;O
O;O
O;O
O;O
O;O
O;O
O;O
O;O
O;O
O;O
O;O
O;O
B;O
O;O
O;O
O;O
B;B
O;O
O;O
O;O
O;O
O;O
O;O
O;O
O;O
O;O
O;O
O;O
O;O
O;O
O;O
O;O
B;B
O;O
O;O
O;O
O;O
O;O
O;O
O;O
O;O
O;O
O;O
O;O
BI;BI
O;O
O;O
O;O
B;B
O;O
O;O
O;O
O;O
O;O
O;O
O;O
O;O
O;O
O;O
O;O
O;O
O;O
B;B
O;O
O;O
O;O
O;O
O;O
O;O
O;O
O;O
O;O
O;O
O;O
O;O
O;O
O;O
B;B
O;O
B;O
O;O
B;B
O;O
B;B
O;O
O;O
B;B
O;O
O;O
O;O
O;O
O;O
B;O
O;O
O;O
B;O
O;O
O;O
O;O
O;O
O;O
O;O
O;O
O;O
O;O
O;O
O;O
O;O
O;O
O;O
O;O
O;O
O;O
O;O
O;O
O;O
O;O
O;O
O;O
BI;OB
O;O
O;O
O;O
O;O
O;O
O;O
O;O
O;O
O;O
O;O
O;O
B;B
O;O
O;O
O;O
O;O
O;O
O;O
O;O
O;O
O;O
O;O
O;O
O;O
O;O
O;O
O;O
O;O
O;B
O;O
O;O
O;O
O;O
O;O
O;O
O;O
B;B
O;O
O;O
BII;OBI
O;O
O;O
O;O
O;O
B;B
O;O
O;O
BIIII;OOBIO
BIIIIII;OOOOOBO
O;O
O;O
O;O
O;O
O;O
O;O
BI;BO
O;O
O;O
O;O
O;O
O;O
O;O
O;O
B;B
O;O
O;O
O;O
O;O
O;O
O;O
O;O
O;O
O;O
O;O
O;O
B;O
O;O
O;O
O;O
O;O
BII;OOO
O;O
OI;OO
BIIIIIII;OOOOOOOO
O;O
BII;OOB
O;O
O;O
O;O
O;O
O;O
B;B
O;O
O;O
O;O
B;O
O;O
O;O
O;O
O;O
O;O
O;O
O;O
O;O
O;O
O;O
O;O
O;O
O;O
O;O
O;O
O;O
O;O
O;O
O;O
O;O
O;O
O;O
O;O
O;O
O;O
O;O
O;O
O;O
O;O
O;O
O;O
O;O
O;O
O;O
O;O
O;O
O;O
O;O
O;O
O;O
O;O
O;O
O;O
O;O
O;O
O;O
O;O
O;O
O;O
O;O
O;O
O;O
O;O
B;B
O;O
O;O
BI;OO
O;O
O;O
O;O
O;O
O;O
O;O
O;O
O;O
O;O
O;O
O;O
O;O
B;B
O;O
O;O
O;O
O;O
O;O
O;O
O;O
O;O
O;O
O;O
O;O
O;O
O;O
O;O
OI;OO
BIIIII;OOBOOB
O;O
O;O
O;O
O;O
O;O
O;O
O;O
O;O
O;O
O;O
O;O
O;O
O;O
O;O
O;O
O;O
O;O
O;O
O;O
O;O
O;O
O;O
O;O
O;O
O;O
O;O
O;O
O;O
O;O
O;O
O;O
O;O
O;O
O;O
O;O
O;O
O;O
O;O
O;O
O;O
O;O
O;O
O;O
O;O
B;B
O;O
O;O
O;O
O;O
B;B
O;O
O;O
O;O
BI;BI
O;O
O;O
O;O
O;O
O;O
O;O
B;O
O;O
O;O
O;O
O;O
O;O
O;O
O;O
O;O
O;B
O;O
O;O
O;O
O;O
O;O
O;O
O;O
O;O
O;O
O;O
O;O
O;O
O;O
O;O
O;O
O;O
O;O
O;O
BIII;OOOO
O;O
O;O
O;O
O;O
O;O
O;O
O;O
O;O
B;O
O;O
O;O
B;B
O;O
B;B
O;O
O;O
O;O
O;O
O;O
O;O
B;B
O;O
O;O
O;O
O;O
O;O
O;O
O;O
O;O
O;O
O;O
O;O
O;O
O;O
O;O
O;O
O;O
O;O
O;O
O;O
O;B
O;I
O;O
O;O
O;O
O;O
O;O
O;O
O;O
O;O
BI;BI
O;O
O;O
B;O
O;O
O;O
O;O
O;O
O;O
O;O
O;O
O;O
O;O
O;O
O;O
O;O
O;O
O;O
O;O
O;O
O;O
O;O
B;B
B;I
O;O
O;O
O;O
O;O
O;O
B;O
O;O
O;O
O;O
O;O
O;O
O;O
O;O
O;O
O;O
BIIII;OBIII
O;O
O;O
O;O
O;O
O;O
O;O
BI;OO
O;O
O;O
O;B
B;I
O;O
O;O
O;O
B;B
O;O
B;B
O;O
O;O
O;O
O;O
B;B
O;O
O;O
O;B
O;O
B;B
O;O
O;O
O;O
O;O
O;O
O;O
O;O
B;B
O;O
O;O
O;O
O;O
B;B
O;O
O;O
O;O
O;O
O;O
O;O
O;O
O;O
B;B
O;O
O;O
O;O
O;O
O;O
O;O
O;O
O;O
O;O
O;O
B;B
O;O
O;O
O;O
O;O
O;O
O;O
O;O
B;O
O;O
O;O
O;O
O;O
O;O
O;O
O;O
O;O
B;B
O;O
O;O
O;O
O;O
O;O
O;O
O;O
O;O
O;O
O;O
O;O
O;O
B;O
O;O
O;O
O;O
O;O
O;O
B;B
O;O
O;O
O;O
O;O
O;O
O;O
O;O
O;O
O;O
O;O
O;O
O;O
B;B
O;O
O;O
O;O
O;O
O;O
B;B
O;O
O;O
O;O
O;O
O;O
O;O
O;O
O;O
O;O
O;O
O;O
O;O
BI;OO
O;O
O;O
O;O
O;O
B;O
O;O
O;O
O;O
O;O
O;O
O;O
O;O
O;O
O;O
O;O
O;O
O;O
O;O
BI;BI
O;O
O;O
B;O
O;O
O;O
O;O
O;O
BI;BI
O;O
B;B
O;O
O;O
O;O
O;O
O;O
O;O
O;O
O;O
O;O
O;O
O;O
O;O
O;O
O;O
O;O
O;O
O;O
O;O
O;O
O;O
O;O
O;O
O;O
O;O
O;O
B;B
O;O
O;O
O;O
O;O
BIIIII;BIIIII
O;O
B;B
O;O
O;O
O;O
O;O
O;O
O;O
BI;BI
O;O
O;O
O;O
O;O
O;O
B;B
O;O
O;O
O;O
O;O
O;O
B;B
O;O
B;B
O;O
O;O
O;O
O;O
O;O
O;O
O;O
O;O
O;O
O;O
O;O
BII;BBI
O;O
BI;OO
O;O
O;O
BI;BI
O;O
O;O
O;O
O;O
O;O
O;O
O;O
O;O
O;O
O;O
O;O
O;O
B;B
O;O
BIIIII;BIIOOO
O;O
O;O
O;O
O;O
O;O
O;O
O;O
O;O
O;O
O;O
O;O
O;O
O;O
O;O
B;B
O;O
O;O
O;O
O;O
O;O
O;O
O;O
O;O
O;O
O;O
B;B
O;O
O;O
B;B
O;O
O;O
O;O
B;B
O;O
O;O
O;O
O;O
O;O
BIII;BIII
O;O
O;O
O;O
O;O
O;O
O;O
O;O
O;O
O;O
O;O
O;O
O;O
O;O
O;O
O;O
O;O
O;O
O;O
O;O
O;O
O;O
O;O
O;O
O;O
O;O
O;O
O;O
O;O
O;O
O;O
O;O
O;O
O;O
BII;OOO
O;O
O;O
O;O
O;O
O;O
O;O
O;O
BII;OOO
BI;OB
O;O
O;O
O;O
BII;OOB
B;I
O;I
B;I
B;I
B;B
B;I
BI;II
O;I
BI;II
O;O
BI;BO
BI;BI
BI;IO
O;O
O;O
B;O
O;O
O;O
O;O
O;O
O;O
O;O
O;O
O;O
B;O
O;O
O;O
O;O
O;O
O;O
BI;BI
O;O
O;O
O;O
O;O
O;O
O;O
O;O
O;O
O;O
O;O
O;O
O;O
O;O
O;O
B;O
O;O
O;O
O;O
O;O
O;O
O;O
O;O
O;O
O;O
O;O
O;O
O;O
O;O
O;O
O;O
O;O
O;O
O;O
O;O
O;O
O;O
B;B
O;O
O;O
O;O
O;O
O;O
O;O
O;O
O;O
O;O
O;O
O;O
O;O
O;O
O;O
O;O
O;O
O;O
O;O
O;O
O;O
O;O
O;O
O;O
O;O
O;O
O;O
O;O
O;O
O;O
O;O
B;O
O;O
O;O
O;O
O;O
O;O
B;O
O;O
O;O
O;O
O;O
BI;OO
O;O
O;O
O;O
O;O
O;O
O;O
O;O
O;O
O;O
B;B
O;O
O;O
B;B
O;O
B;B
O;O
O;O
O;O
O;O
O;O
B;B
O;O
O;O
O;O
O;O
O;O
O;O
O;O
O;O
B;O
O;O
O;O
O;O
O;O
O;O
O;O
O;O
O;O
O;O
O;O
O;O
O;O
O;O
O;O
O;O
O;O
O;O
O;O
O;O
O;O
O;O
O;O
O;O
O;O
B;O
O;O
B;B
O;O
O;O
O;O
O;O
O;O
O;O
O;O
O;O
O;O
O;O
O;O
O;O
O;O
B;B
O;O
O;O
O;O
O;O
B;O
O;O
O;O
B;B
O;O
O;O
O;O
O;O
B;B
O;O
O;O
O;O
O;O
O;O
O;O
O;O
O;O
O;O
O;O
O;O
O;O
O;O
O;O
O;O
B;O
O;O
O;O
O;O
O;O
O;O
O;O
O;O
O;O
O;O
O;O
O;O
O;O
O;O
B;O
O;O
O;O
O;O
O;O
O;O
O;O
O;O
O;O
O;O
O;O
O;O
O;O
O;O
O;O
O;O
O;O
O;O
O;O
O;O
O;O
O;O
O;O
O;O
O;O
O;O
O;O
O;O
O;O
O;O
O;O
O;O
O;O
O;O
O;O
O;O
O;O
B;O
O;O
O;O
O;O
O;O
O;O
O;O
O;O
O;O
O;O
O;O
O;O
O;B
B;I
O;O
O;O
O;O
BII;BII
O;O
O;O
O;O
O;O
O;O
O;O
O;O
OI;OB
O;O
O;O
O;O
O;O
O;O
O;O
O;O
O;O
B;B
O;O
O;O
O;O
O;O
O;O
O;O
B;B
O;O
O;O
O;O
O;O
O;O
O;O
O;O
O;O
O;O
O;O
O;O
B;B
O;O
O;O
B;B
O;O
O;O
O;B
O;O
O;O
O;O
O;O
B;B
O;O
O;O
O;O
O;O
O;O
O;O
O;O
O;O
O;O
O;O
O;O
O;O
O;O
O;O
O;O
O;O
O;O
B;O
O;O
B;B
B;I
O;O
B;B
O;O
B;B
O;O
O;O
O;O
O;O
O;O
O;O
O;O
O;O
O;O
O;O
O;O
O;O
O;O
O;O
O;O
O;O
O;O
O;O
O;O
B;B
O;O
B;B
O;O
O;O
O;O
O;O
O;O
O;O
B;B
O;O
O;O
O;O
O;O
O;O
B;B
O;O
O;O
O;O
O;O
O;O
O;O
O;O
O;O
O;O
O;O
O;O
O;O
O;O
O;O
O;O
O;O
O;O
B;O
O;O
B;B
O;O
B;B
O;O
B;B
O;O
O;O
O;O
O;O
B;O
O;O
O;O
O;O
O;O
BI;BI
O;O
O;O
BII;BII
O;O
O;O
O;O
B;O
O;O
O;O
O;O
O;O
O;O
O;O
O;O
O;O
O;O
O;O
O;O
O;O
O;O
B;B
O;O
O;O
O;O
O;O
B;B
O;I
O;O
B;B
O;O
O;O
O;O
O;O
O;O
O;O
O;O
O;O
O;O
B;B
O;O
O;O
B;B
BI;BI
O;O
BI;BI
O;O
O;O
O;O
O;O
O;O
O;O
O;O
O;O
BI;OB
O;O
O;O
O;O
O;O
O;O
O;O
O;O
O;O
B;O
O;O
B;O
O;O
BI;OO
O;O
O;O
O;O
B;B
O;O
B;B
O;O
BIIIIII;OBIOOOO
O;O
BIIIIIII;BIIIOOOB
O;O
O;O
O;O
O;O
O;O
O;O
O;O
BI;BI
B;B
O;O
O;O
BI;OO
O;O
O;O
O;O
B;B
O;O
O;O
O;O
O;O
B;O
O;O
O;O
BII;BII
O;O
O;O
BIIII;OOBOO
O;O
BII;OBI
O;O
O;O
O;O
O;O
O;O
O;O
O;O
O;O
O;O
O;O
O;O
O;O
O;O
O;O
O;O
O;O
O;O
B;B
O;O
O;O
O;O
O;O
O;O
O;O
O;O
B;B
B;B
O;O
O;O
O;O
O;O
O;O
O;O
O;O
O;O
O;O
O;O
O;O
O;O
O;O
O;O
BII;BII
O;O
O;O
O;O
O;O
O;O
BIII;OOOO
O;O
O;O
O;O
O;O
O;O
O;O
O;O
O;O
O;O
O;O
O;O
O;O
O;O
O;O
O;O
O;O
O;O
O;O
O;O
O;O
O;O
O;O
O;O
O;O
O;O
O;O
B;B
O;O
O;O
O;O
O;O
O;O
O;O
O;O
O;O
O;O
O;O
B;B
O;O
B;O
O;O
O;O
O;O
B;B
O;O
O;O
O;O
BI;OO
O;O
O;O
O;O
O;O
O;O
O;O
O;O
O;O
O;O
O;O
O;O
O;O
O;O
B;B
O;O
O;O
O;O
O;O
O;O
O;O
O;O
O;O
O;O
O;O
B;B
O;O
O;O
O;O
O;O
O;O
O;O
O;O
O;O
O;O
O;O
O;O
O;O
B;B
O;O
O;O
O;O
O;O
O;O
O;O
O;O
B;B
O;O
O;O
O;O
B;B
O;O
O;O
O;O
O;O
O;O
O;O
O;O
O;O
O;O
O;O
O;O
O;O
O;O
O;O
O;O
O;O
O;O
O;O
O;O
B;B
O;O
B;B
O;O
O;O
O;O
B;B
O;O
B;O
O;O
O;O
BIIII;BIIOO
O;O
O;O
O;O
O;O
O;O
B;O
O;O
B;B
O;O
O;O
O;O
O;O
O;O
B;B
BII;III
B;I
O;I
BI;II
O;O
O;O
B;B
O;O
O;O
B;B
O;O
O;O
O;O
O;O
O;O
B;O
O;O
O;O
O;O
O;O
O;O
B;B
O;O
O;O
O;O
O;O
O;O
O;O
O;O
O;O
O;O
O;O
O;O
O;O
O;O
B;B
O;O
O;O
O;O
O;B
BI;II
O;O
O;O
O;O
O;O
O;O
O;O
O;O
O;O
O;O
O;O
O;O
O;O
O;O
BI;BI
O;O
O;O
O;O
B;O
O;O
O;O
O;O
O;O
B;B
O;O
O;O
O;O
O;O
O;O
O;O
O;O
O;B
B;I
O;O
O;O
O;B
B;I
B;I
O;O
O;O
O;O
O;O
O;O
O;O
O;O
O;O
O;O
O;O
O;O
O;O
B;B
O;O
B;B
O;O
O;O
O;O
O;O
O;O
B;B
O;O
O;O
O;O
O;O
O;O
O;O
O;O
O;O
O;O
O;O
B;B
O;O
O;O
O;O
O;O
O;O
O;O
O;O
B;B
O;O
O;O
O;O
O;O
O;O
O;O
O;O
O;O
O;O
O;O
O;O
O;O
O;O
O;O
O;O
O;O
O;O
B;B
O;O
B;B
O;O
O;O
O;O
BI;BI
O;O
O;O
O;O
O;O
O;O
B;B
O;O
O;O
B;B
O;O
O;O
B;B
O;O
O;O
O;O
O;O
O;O
BI;OO
O;O
O;O
O;O
O;O
O;O
B;B
O;O
O;O
O;O
O;O
O;O
O;O
O;O
O;O
O;O
B;B
O;O
B;B
O;O
O;O
O;O
O;O
B;B
O;O
O;O
O;O
B;B
O;O
O;O
O;O
B;B
O;O
O;O
O;O
O;O
O;O
O;O
O;O
O;O
O;O
B;B
O;O
O;O
O;O
O;O
B;B
O;O
O;O
O;O
O;O
O;O
O;O
O;O
O;O
O;O
O;O
O;O
O;O
O;O
O;O
O;O
O;O
O;O
O;O
O;O
O;O
O;O
O;O
O;O
O;O
B;B
O;O
O;O
O;O
O;O
B;O
O;O
O;O
O;O
O;O
B;B
O;O
BII;BII
O;O
O;O
O;O
O;O
BIII;BIII
O;O
O;O
O;O
O;O
O;O
O;O
O;O
O;O
O;O
O;O
O;O
O;O
B;B
B;B
O;O
O;O
O;O
O;O
O;O
O;O
B;O
O;O
B;B
O;O
O;O
O;O
O;O
O;O
BI;OO
O;O
O;O
O;O
O;O
O;O
B;B
O;O
BI;BI
O;O
O;O
O;O
O;O
O;O
O;O
BI;OB
BI;II
BI;II
O;O
BIII;OOBI
O;O
O;O
O;O
BI;OB
O;O
O;O
O;O
O;O
O;O
O;O
O;O
B;B
O;O
O;O
O;O
O;O
O;O
O;O
B;B
O;O
O;O
O;O
O;O
O;O
O;O
O;O
O;O
B;B
O;O
O;O
O;O
O;O
O;O
B;B
O;O
O;O
O;O
O;O
O;O
O;O
O;O
O;O
O;O
O;O
O;O
O;O
O;O
O;O
O;O
O;O
B;B
O;O
O;O
O;O
O;O
O;O
O;O
O;O
O;O
O;O
O;O
O;O
O;O
O;O
O;O
O;O
O;O
O;O
O;O
O;O
O;O
O;O
O;O
O;O
B;O
O;O
O;O
O;O
O;O
O;O
O;O
O;O
O;O
O;O
O;O
O;O
O;O
O;O
O;O
O;O
O;O
O;O
O;O
O;O
O;O
O;O
O;O
O;O
O;O
O;O
O;O
O;O
O;O
O;O
O;O
O;O
O;O
O;O
O;O
O;O
O;O
O;O
O;O
O;O
O;O
O;O
O;O
O;O
O;O
O;O
O;O
O;O
O;O
O;O
O;O
O;O
O;O
O;O
O;O
O;O
O;O
O;O
O;O
O;O
O;O
O;O
O;O
O;O
BII;OBI
O;O
O;O
O;O
O;O
O;O
O;O
O;O
O;O
O;O
O;O
O;O
O;O
O;O
O;O
O;O
O;O
O;O
O;O
O;O
O;O
O;O
O;O
O;O
O;O
O;O
O;O
O;O
O;O
O;O
O;O
O;O
O;O
BII;OBI
O;B
O;O
O;O
O;O
O;O
O;O
O;O
BI;BI
O;O
O;O
O;O
O;O
O;O
O;O
B;O
B;O
O;O
O;O
B;B
O;O
B;B
O;O
O;O
O;O
O;O
O;O
O;O
O;O
O;O
B;B
O;O
O;O
O;O
O;O
B;B
O;O
O;O
O;O
O;O
O;O
O;O
O;O
O;O
O;O
O;O
O;O
B;O
O;O
O;O
O;O
O;O
BIII;OOOO
O;O
O;O
O;O
O;O
O;O
O;O
O;O
O;O
BIIIII;BIIOOO
O;O
O;O
BI;OO
O;O
OI;OO
O;O
O;O
BII;BII
O;O
O;O
O;O
O;O
O;O
O;O
O;O
O;B
O;O
B;O
O;O
O;O
O;O
O;O
O;O
B;O
O;O
O;O
O;O
O;O
O;O
O;O
O;O
O;O
B;B
O;O
O;O
BI;BI
O;O
O;O
O;O
O;O
O;O
O;O
O;O
O;O
B;O
O;O
O;O
B;B
O;O
O;O
O;O
O;O
O;O
O;O
O;O
BI;BO
O;O
O;O
B;O
O;O
O;O
O;O
O;O
O;O
O;O
O;O
O;O
O;O
O;O
O;O
O;O
O;O
O;O
O;O
O;O
O;O
O;O
O;O
O;O
O;O
O;O
O;O
O;O
O;O
O;O
O;O
O;O
O;O
O;O
B;B
O;O
O;O
O;O
O;O
O;O
B;B
O;O
B;B
O;O
O;O
O;O
B;B
O;O
O;O
O;O
O;O
B;B
O;O
O;O
O;O
O;O
O;O
O;O
O;O
O;O
O;O
BI;BI
O;O
O;O
O;O
O;O
O;O
O;O
O;O
O;O
O;O
O;O
B;B
O;O
B;B
O;O
O;O
O;O
O;O
O;O
O;O
O;O
O;O
O;O
B;O
O;O
O;O
O;O
O;O
B;B
O;O
O;O
O;O
O;O
O;O
O;O
O;O
O;O
O;O
O;O
O;O
B;B
O;O
O;O
O;O
B;B
O;O
O;O
O;O
O;O
B;B
O;O
O;O
O;O
O;O
O;O
O;O
B;B
O;O
O;O
O;O
O;O
O;O
O;O
O;O
B;O
O;O
O;O
O;O
O;O
B;B
O;O
O;O
O;O
O;O
O;O
O;O
O;O
O;O
O;O
O;O
O;O
O;O
O;O
O;O
B;B
O;O
O;O
O;O
B;B
O;O
O;O
O;O
B;B
O;O
O;O
O;O
B;B
O;O
O;O
B;B
O;O
B;B
O;O
B;B
O;O
O;O
O;O
O;O
O;O
B;B
O;O
B;B
O;O
O;O
O;O
B;B
O;O
O;O
O;O
O;O
O;O
O;O
O;O
B;O
O;O
O;O
O;O
O;O
O;O
B;B
O;O
BI;BI
O;O
O;O
O;O
B;B
O;O
B;B
O;O
O;O
O;O
BII;OBI
O;O
BI;BI
O;O
O;O
O;O
BI;BI
O;O
O;O
O;O
O;O
B;B
O;O
O;O
O;O
O;O
O;O
O;O
O;O
O;O
O;O
O;O
B;B
O;O
O;O
O;O
O;O
B;B
O;O
O;O
O;O
O;O
B;B
O;O
O;O
O;O
B;B
O;O
O;O
O;O
O;O
O;O
B;B
O;O
O;O
O;O
O;O
O;O
BI;BI
O;O
B;O
O;O
O;O
B;B
O;O
O;O
O;O
O;O
O;O
O;O
O;O
O;O
B;B
O;O
O;O
O;O
O;O
O;O
O;O
O;O
BII;BII
O;O
O;O
O;O
O;O
O;O
O;O
O;O
O;O
B;B
O;O
B;B
O;O
O;O
O;O
O;O
O;O
B;B
O;O
O;O
O;O
O;O
B;B
O;O
O;O
O;O
O;O
O;O
O;O
O;O
O;O
O;O
O;O
O;O
O;O
O;O
O;O
O;O
O;O
O;O
O;O
O;O
O;O
O;O
O;O
O;O
O;O
O;O
O;O
O;O
O;O
B;B
O;I
O;O
BI;BI
O;O
O;O
O;O
O;O
O;O
O;O
O;O
O;O
O;O
O;O
O;O
O;O
O;O
O;O
O;O
O;B
O;O
O;O
O;O
O;O
O;O
O;O
O;O
O;O
O;O
O;O
O;O
O;O
O;O
O;O
O;O
O;O
O;O
O;O
O;O
O;O
O;O
O;O
O;O
O;O
O;O
O;O
O;O
O;O
O;O
O;O
O;O
O;O
O;O
O;O
O;O
O;O
O;O
O;O
O;O
O;O
O;O
O;O
B;B
O;O
O;O
O;O
O;O
O;O
O;O
O;O
O;O
O;O
O;O
O;O
B;B
B;B
O;O
B;B
O;O
O;O
BI;OO
O;O
O;O
O;O
O;O
O;O
O;O
O;O
O;O
O;O
O;O
O;O
O;O
O;O
O;O
O;O
O;O
O;O
B;B
O;O
O;O
O;O
O;O
O;O
O;O
B;B
O;O
O;O
O;O
O;O
O;O
O;O
O;O
O;O
O;O
O;O
O;O
O;O
O;O
O;O
O;O
O;O
O;O
O;O
O;O
O;O
O;O
O;O
O;O
O;O
O;O
O;O
O;O
O;O
B;B
O;O
O;O
O;O
O;O
O;O
O;O
O;O
O;O
O;O
O;O
O;O
O;O
O;O
O;O
O;O
O;O
O;O
O;O
O;O
O;O
O;O
O;O
O;O
O;O
O;O
O;O
O;O
O;O
O;O
O;O
O;O
O;O
O;O
O;O
O;O
O;O
O;O
O;O
O;O
O;O
O;O
O;O
O;O
O;O
O;O
B;B
O;O
O;O
O;O
O;O
O;O
O;O
B;O
O;O
B;B
O;O
O;O
O;O
O;O
O;O
O;O
O;O
O;O
O;O
O;O
O;O
O;O
O;O
O;O
O;O
O;O
O;O
O;O
O;O
O;O
O;O
BI;BI
O;O
O;O
O;O
O;O
O;O
O;O
O;O
O;O
O;O
BI;BI
O;O
O;O
O;O
O;O
O;O
O;O
O;O
B;B
O;O
O;O
O;O
O;O
O;O
O;O
O;O
O;O
O;O
O;O
O;O
O;O
O;O
O;O
O;O
O;O
O;O
B;O
B;B
B;O
O;O
O;O
O;O
O;O
BI;OB
O;O
O;O
O;O
O;O
B;B
O;O
O;O
O;O
O;O
O;O
O;O
O;O
O;O
O;O
O;O
BI;OB
O;O
O;O
O;O
O;O
O;O
O;O
O;O
O;O
O;O
O;O
O;O
O;O
O;O
O;O
O;O
O;O
BII;BII
O;O
O;O
O;O
O;O
B;B
O;O
O;O
O;O
O;O
O;O
O;O
O;O
O;O
O;O
O;O
O;O
O;O
O;O
O;O
O;O
O;O
O;O
O;O
O;O
O;O
O;O
O;O
O;O
O;O
O;O
O;O
O;O
O;O
O;O
O;O
O;O
O;O
O;O
O;O
O;O
B;O
O;O
O;O
O;O
O;O
B;B
O;O
O;O
O;O
O;O
O;O
O;O
B;B
O;O
O;O
O;O
O;O
O;O
O;O
O;O
O;O
O;O
O;O
O;O
O;O
O;O
O;O
O;O
O;O
O;O
O;O
B;B
BI;II
O;O
BI;BI
O;O
BI;BI
O;O
BI;OO
O;O
O;O
O;O
B;B
O;O
O;O
O;O
O;O
O;O
O;O
O;O
O;O
O;O
O;O
O;O
O;O
O;O
O;O
O;B
O;O
O;O
O;O
O;O
O;O
O;O
B;B
O;O
O;O
O;O
O;O
O;O
O;O
O;O
O;O
O;O
O;O
O;O
O;O
O;O
O;O
O;O
O;O
O;O
O;O
O;O
O;O
O;O
O;O
O;O
O;O
BI;BI
O;O
O;O
O;O
B;B
O;O
O;O
O;O
O;O
O;O
O;O
O;O
O;O
BII;BII
O;O
O;O
B;B
O;O
O;O
O;O
O;O
O;O
O;O
O;O
O;O
B;B
O;O
O;O
O;O
O;B
O;O
B;B
O;O
O;O
O;O
O;O
O;O
O;O
O;O
O;O
O;O
O;O
O;O
O;O
O;O
O;O
B;B
O;O
B;O
O;O
O;O
O;O
O;O
O;O
O;O
O;O
O;O
O;O
O;O
O;O
O;O
O;O
O;O
O;O
O;O
B;O
O;O
O;O
O;O
O;O
O;O
B;O
O;O
O;O
O;O
O;O
O;O
BI;OB
O;O
O;O
O;O
B;O
O;O
O;O
O;O
O;O
O;O
O;O
O;O
O;O
O;O
O;O
O;O
O;O
O;O
O;O
O;O
O;O
BI;OO
O;O
B;O
O;O
BI;OO
O;O
BI;OO
O;O
BI;BI
O;O
O;O
B;B
O;O
BI;OO
O;O
BII;OOB
BII;III
O;O
BI;OO
O;O
B;B
BI;OO
O;O
BII;OOO
O;O
O;O
O;O
B;B
O;O
O;O
O;O
O;O
O;B
BI;IO
O;O
O;O
O;O
O;O
O;O
O;O
B;B
O;O
O;O
O;O
O;O
O;O
O;O
O;O
O;O
O;O
O;O
O;O
B;B
O;O
B;B
O;O
O;O
O;O
O;O
O;O
O;O
B;B
O;O
O;O
O;O
O;O
O;O
O;O
O;O
O;O
O;O
O;O
O;O
O;O
O;O
O;O
O;O
O;O
O;O
O;O
O;O
O;O
B;B
O;O
O;O
O;O
O;O
O;O
O;O
O;O
BI;OO
O;O
O;O
O;O
O;O
O;O
O;O
O;O
O;O
O;O
O;O
O;O
O;O
O;O
O;O
O;O
O;O
O;O
O;O
BII;BII
O;O
BIIIIIII;BIBIIIOB
O;O
O;O
BI;BI
O;O
O;O
O;O
O;O
O;O
O;O
O;O
O;O
O;O
O;O
O;O
O;O
O;O
O;O
O;O
B;O
O;O
O;O
O;O
O;O
O;O
O;O
O;O
O;O
O;O
O;O
B;B
O;O
O;O
O;O
O;O
O;O
O;O
O;O
O;O
O;O
BII;BII
O;O
O;O
O;O
O;O
B;B
O;O
O;O
O;O
O;O
O;O
O;O
O;O
O;O
B;B
O;O
O;O
O;O
O;O
O;O
O;O
O;O
O;O
O;O
O;O
O;O
B;B
O;O
O;O
O;O
O;O
O;O
O;O
O;O
O;O
BII;BII
O;O
B;B
O;O
O;O
B;O
O;O
O;O
O;O
O;O
O;O
O;O
O;O
O;O
O;O
O;O
O;O
O;O
O;O
O;O
O;O
O;O
B;B
O;O
O;O
O;O
O;O
O;O
O;O
O;O
O;O
O;O
O;O
O;O
O;O
O;O
O;O
O;O
O;O
O;O
O;O
O;O
O;O
O;O
B;B
O;O
O;O
O;O
O;O
O;O
O;O
O;O
O;O
O;O
O;O
O;O
O;O
B;B
O;O
O;O
O;O
O;O
O;O
O;O
O;O
O;O
O;O
O;O
O;O
O;O
O;O
O;B
O;I
O;O
O;O
B;B
O;O
O;O
BI;OB
O;O
B;O
O;O
O;O
O;O
O;O
O;O
O;O
O;O
O;O
O;O
O;O
O;O
O;O
O;O
O;O
O;O
O;O
O;O
O;O
O;O
O;O
O;O
B;B
O;O
B;B
O;O
B;O
O;O
O;O
O;O
O;O
O;O
O;O
O;O
O;O
O;O
O;O
O;O
O;O
B;B
O;O
O;O
O;O
O;O
O;O
B;B
O;O
O;O
O;O
O;O
O;O
O;O
O;O
O;O
O;O
O;O
O;O
O;O
O;O
O;O
O;O
O;O
O;O
O;O
O;O
O;O
O;O
O;O
O;O
O;O
O;O
O;O
O;O
O;O
O;O
O;O
O;O
O;O
O;O
O;O
O;O
B;B
B;I
B;I
BI;II
O;O
O;O
O;O
O;O
O;O
O;O
O;O
O;B
O;O
O;O
O;O
O;O
O;O
O;O
O;O
B;B
O;O
O;O
O;O
O;B
O;O
O;O
O;B
O;O
O;O
O;O
O;O
O;O
O;O
O;O
B;B
O;O
O;O
O;O
O;O
O;O
O;O
O;O
O;O
O;O
O;O
O;O
O;O
O;B
O;O
O;O
O;O
O;O
O;O
O;O
O;O
O;O
O;O
O;O
BII;BII
O;O
O;O
O;O
O;O
O;O
O;O
O;O
O;O
O;O
O;O
O;O
O;O
O;O
O;O
O;O
O;O
O;O
O;O
O;O
O;O
O;O
O;O
O;O
O;O
O;O
O;O
O;O
O;O
O;O
O;O
O;O
O;O
O;O
O;O
O;O
O;O
O;O
O;O
O;O
B;B
O;O
O;O
O;O
BI;BI
O;O
O;O
BIII;OOOO
BIII;OOOB
BIIIIIIII;IIIIIIOOO
O;O
BIIIIII;OOBIIII
O;O
O;O
O;O
O;O
O;O
B;B
O;O
O;O
O;O
O;O
O;O
O;O
O;O
O;O
O;O
B;B
O;O
O;O
O;O
B;B
O;O
O;O
O;O
O;O
B;B
O;O
O;O
O;O
O;O
O;O
O;O
O;O
O;O
O;O
O;O
O;O
O;O
O;O
O;O
O;O
O;O
O;O
BI;BI
O;O
O;O
O;O
O;O
O;O
O;O
BI;BI
O;O
O;O
O;O
O;O
B;B
O;O
O;O
O;O
O;O
O;O
O;O
O;O
O;O
O;O
O;O
O;O
O;O
O;O
O;O
O;O
B;O
O;O
O;O
O;O
O;O
O;O
O;O
O;O
O;O
O;O
O;O
O;O
O;O
O;O
O;O
O;O
O;O
O;O
O;O
O;O
O;O
O;O
O;O
O;O
O;O
O;O
O;O
O;O
O;O
O;O
O;O
O;O
O;O
O;O
O;O
O;O
O;O
B;B
O;O
O;O
B;B
O;O
O;O
O;O
O;O
O;O
O;O
B;B
O;O
O;O
O;O
O;O
O;O
O;O
O;O
O;O
O;O
O;O
O;O
O;O
O;O
O;O
O;O
O;O
O;O
O;O
B;B
O;O
O;O
BI;BI
O;O
O;O
O;O
O;O
O;O
O;O
O;O
O;O
O;O
O;O
O;O
O;O
O;O
O;O
O;O
O;O
O;O
B;B
O;O
O;O
O;O
O;O
O;O
O;O
B;B
O;O
O;O
B;B
O;O
O;O
O;O
B;B
O;O
O;O
O;O
O;O
O;O
O;O
O;O
O;O
O;O
O;O
O;O
O;O
BI;BI
O;O
O;O
O;O
O;O
O;O
O;O
BI;OO
O;O
O;O
B;B
O;O
BI;OO
O;O
O;O
O;O
O;O
O;O
O;O
O;O
O;O
B;B
O;O
O;O
B;B
O;O
O;O
O;O
O;O
O;O
B;B
O;O
O;O
O;O
O;O
O;O
O;O
O;O
O;O
O;O
O;O
O;O
O;O
O;O
O;O
O;O
O;O
B;O
O;O
O;O
O;O
O;O
O;O
O;O
O;O
O;O
O;O
O;O
O;O
O;O
O;O
O;B
O;O
O;O
O;O
O;O
O;O
O;O
O;O
B;O
O;O
O;O
BI;BO
O;O
BI;OO
O;O
B;O
O;O
O;O
O;O
O;O
O;O
O;O
O;O
O;O
O;O
O;O
O;O
O;O
O;O
B;B
O;O
O;O
BI;BI
O;O
O;O
BII;BII
O;O
O;O
O;O
O;O
O;O
O;O
O;O
O;O
B;O
O;O
O;O
O;O
O;O
O;O
O;O
O;O
O;O
O;O
B;O
O;O
O;O
O;O
O;O
O;O
BI;OB
O;O
O;O
O;O
O;O
O;O
B;O
O;O
O;O
O;O
O;O
O;O
O;O
O;O
O;O
O;O
O;O
BI;BI
O;O
O;O
O;O
O;O
O;O
O;O
BI;OB
O;O
O;O
O;O
O;O
O;O
O;O
O;O
O;O
O;O
O;O
O;O
O;O
O;O
O;O
O;O
O;O
O;O
O;O
O;O
O;O
O;O
O;O
O;O
O;O
O;O
O;O
O;O
O;O
O;O
O;O
O;O
O;O
O;O
O;O
O;O
O;O
O;O
O;O
O;O
BI;BI
O;O
O;O
O;O
O;O
O;O
O;O
B;B
O;O
O;O
BI;BI
O;O
O;O
O;O
O;O
BII;BBI
O;O
O;O
O;O
O;O
O;O
O;O
O;O
O;O
O;O
O;O
O;O
O;O
O;O
O;O
O;O
O;O
O;O
O;O
O;O
O;O
B;B
O;O
O;O
O;O
O;O
O;O
O;O
O;O
O;O
O;O
O;O
O;O
O;O
O;O
O;O
O;O
B;B
O;O
O;O
O;O
O;O
O;O
BIII;OOOO
O;O
O;O
O;O
O;O
B;B
O;O
O;O
O;O
O;O
O;O
O;O
B;O
O;O
O;O
O;O
O;O
O;O
O;O
O;O
O;O
O;O
O;O
O;O
B;O
O;O
B;B
O;O
O;O
O;O
O;O
O;O
O;O
O;O
O;O
O;O
O;O
O;O
O;O
B;B
O;O
O;O
O;O
O;O
O;O
O;O
O;O
O;O
O;O
O;O
O;O
O;O
O;O
B;B
O;O
O;O
O;O
O;O
O;O
O;O
O;O
O;O
O;O
BII;BII
O;O
O;O
O;O
O;O
O;O
B;B
O;O
O;O
O;O
O;O
O;O
O;O
O;O
O;O
O;O
O;O
O;O
O;O
O;O
O;O
O;O
O;O
O;O
O;O
BI;OB
O;O
O;O
O;O
O;O
O;O
O;O
O;O
O;O
O;O
B;B
O;O
BIIII;BOOBO
O;O
O;O
O;O
O;O
O;O
O;O
O;O
O;O
O;O
O;O
O;O
O;O
B;O
O;O
O;O
B;B
O;O
B;B
O;O
O;O
O;O
O;O
O;O
O;O
O;O
O;O
O;O
O;O
O;O
O;O
O;O
O;O
B;B
O;O
B;B
O;O
O;O
O;O
O;O
O;O
O;O
B;B
O;O
O;O
B;B
O;O
O;O
O;O
O;O
O;O
O;O
O;O
B;O
O;O
O;O
O;O
O;O
O;O
O;O
O;O
O;O
O;O
O;O
O;O
O;O
O;O
O;O
O;O
O;O
B;B
O;O
O;O
O;O
BI;OB
O;O
O;O
BI;OB
O;O
O;O
O;O
B;B
O;O
O;O
O;O
O;O
O;O
O;O
O;O
O;O
O;O
O;O
O;O
O;O
O;O
O;O
O;O
O;O
O;O
O;O
O;O
BI;BI
O;I
O;O
O;O
O;O
O;O
O;O
O;O
O;O
BI;BI
O;O
O;O
B;B
O;O
O;O
O;O
O;O
O;O
O;O
O;O
O;O
O;O
O;O
O;O
O;O
O;O
O;O
O;O
O;O
O;O
O;O
O;O
O;O
O;O
O;O
O;O
O;O
O;O
B;B
O;O
O;O
O;O
O;O
O;O
O;O
O;O
O;O
O;O
O;O
O;O
O;O
O;B
O;I
O;O
O;O
O;O
O;O
O;O
O;O
O;O
B;B
O;O
O;O
O;O
O;O
O;O
O;O
BIII;BOBI
O;O
O;O
O;O
O;O
BII;BII
O;O
O;O
O;O
O;O
O;O
O;O
O;O
O;O
O;O
O;O
O;O
O;O
O;O
O;O
O;O
O;O
O;O
O;O
O;O
O;O
O;O
B;B
O;O
O;O
O;O
O;O
O;O
O;O
O;O
O;O
O;O
O;O
O;O
O;O
O;O
O;O
O;O
O;O
O;O
B;B
O;O
O;O
O;O
O;O
O;O
O;O
O;O
O;O
O;O
B;B
O;O
O;O
O;O
O;O
O;O
O;O
O;O
O;O
O;O
O;O
O;O
O;O
O;O
B;B
O;O
O;O
O;O
O;O
B;B
O;O
O;O
O;O
O;O
O;O
O;O
O;O
O;O
O;O
O;O
O;O
O;O
O;O
O;O
O;O
O;O
O;O
O;O
O;O
O;O
O;O
O;O
O;O
O;O
O;O
O;O
O;O
O;O
O;O
O;O
O;O
O;O
O;O
O;O
O;O
O;O
O;O
O;O
B;B
O;O
BI;OB
O;O
O;O
O;O
O;O
O;O
O;O
O;O
B;O
O;O
O;O
O;O
O;O
O;O
O;O
O;O
BI;BI
O;O
O;O
O;O
O;O
O;O
O;O
O;O
O;O
B;B
O;O
O;O
O;O
O;O
O;O
O;O
O;O
O;O
O;O
O;O
O;O
O;O
O;O
B;O
O;O
O;O
O;O
O;O
B;B
O;O
O;O
O;O
O;O
B;B
O;O
B;O
O;O
O;O
B;B
O;O
O;O
O;O
O;O
O;O
BI;OO
O;O
O;O
O;O
BI;OB
O;O
O;O
O;O
O;O
O;B
O;O
O;O
O;O
O;O
O;O
O;O
O;O
O;O
O;O
O;O
O;O
O;O
O;O
O;O
B;B
O;O
B;B
O;O
O;O
O;O
O;O
O;O
O;O
O;O
O;O
O;O
O;O
O;O
O;O
O;O
O;O
O;O
O;O
O;O
O;O
O;O
O;O
O;O
O;O
O;O
O;O
O;O
O;O
O;O
O;O
O;O
O;O
O;O
O;O
O;O
O;O
B;B
O;O
O;O
B;B
O;O
O;O
O;O
O;O
O;O
O;O
B;B
O;I
BI;II
O;O
O;O
O;O
O;O
O;O
O;O
O;O
O;O
O;O
O;O
O;O
O;O
O;O
O;O
O;O
B;B
O;O
B;O
O;O
B;B
O;O
B;O
O;O
O;O
O;O
BI;OO
O;O
O;O
O;O
O;O
O;O
O;O
O;O
O;O
O;O
O;O
O;O
O;B
O;O
B;B
O;O
O;O
B;B
O;O
B;B
O;O
O;O
O;O
O;O
B;B
O;O
O;O
O;O
O;O
O;O
O;O
O;O
O;O
O;O
O;O
O;O
O;O
B;B
O;O
O;O
O;O
O;O
B;B
O;O
O;O
O;O
O;O
O;O
O;O
O;O
O;O
O;O
O;O
O;O
O;O
O;O
O;O
B;B
O;O
O;O
O;O
O;O
O;O
O;O
O;O
O;O
O;O
O;O
O;O
O;O
O;O
O;O
O;O
O;O
O;O
O;O
O;O
O;O
O;O
O;O
B;B
O;O
O;O
O;O
O;O
O;O
O;O
O;O
O;O
B;B
O;O
O;O
O;O
O;O
O;O
O;O
O;O
O;O
O;O
O;O
O;O
B;B
O;O
O;O
O;O
O;O
O;O
B;B
O;O
O;O
O;O
O;O
BII;OBI
O;O
O;O
BI;BI
O;O
O;O
O;O
O;O
O;O
O;O
O;O
O;O
O;O
O;O
O;O
O;O
O;O
O;O
O;O
O;O
O;O
O;O
O;O
O;O
O;O
O;O
O;O
B;B
O;O
O;O
O;O
O;O
O;O
O;O
O;O
O;O
O;O
O;O
O;O
O;O
O;O
O;O
O;O
O;O
O;O
O;O
O;O
O;O
O;O
O;O
O;O
O;O
O;O
O;O
O;O
O;O
O;O
O;O
O;O
O;O
O;O
O;O
O;O
O;O
O;O
O;O
O;O
O;O
O;O
O;O
O;O
O;O
O;O
O;O
B;B
O;O
O;O
O;O
O;O
O;O
O;O
O;O
O;O
O;O
O;O
O;O
O;O
O;O
O;O
O;O
O;O
B;B
O;O
O;O
O;O
B;B
O;O
O;O
O;O
O;O
O;O
B;B
O;O
O;O
B;B
O;O
O;O
O;O
O;O
O;O
O;O
O;O
O;O
O;O
O;O
O;O
O;O
B;B
O;O
O;O
O;O
O;O
O;O
O;O
O;O
O;O
B;B
O;O
O;O
O;O
O;O
O;O
O;O
O;O
O;O
O;O
O;O
O;O
O;O
O;O
O;O
O;O
O;O
O;O
O;O
B;B
B;O
O;O
BII;BIO
BIIIIII;OBIIIOB
O;B
O;O
O;O
O;O
BI;OB